Time;Frame;GroundTruth x;GroundTruth y;GroundTruth v_x;GroundTruth v_y;Measurement x;Measurement y;Kalman x;Kalman y;Kalman v_x;Kalman v_y;KalmanP x;KalmanP y
25,16195;4;-0,3300689;0,08153901;-0,9679943;0,2509657;-0,05336552;-0,3085724;-0,05336552;-0,3085724;0;0;100;100
25,17182;4;-0,3494221;0,08658397;-0,9676605;0,252248;0;0;-0,05336552;-0,3085724;0;0;2,912625;23,07714
25,17214;4;-0,3687688;0,0916541;-0,9673357;0,2535064;0;0;-0,05336552;-0,3085724;0;0;2,916864;23,08299
25,17237;4;-0,388109;0,09674894;-0,9670094;0,2547421;0;0;-0,05336552;-0,3085724;0;0;2,929121;23,09686
25,17261;4;-0,4074427;0,101868;-0,9666845;0,2559532;0;0;-0,05336552;-0,3085724;0;0;2,949408;23,11876
25,17282;4;-0,4267702;0,107011;-0,9663761;0,2571497;0;0;-0,05336552;-0,3085724;0;0;2,977732;23,1487
25,17303;4;-0,4460914;0,1121773;-0,9660602;0,258315;0;0;-0,05336552;-0,3085724;0;0;3,014105;23,18669
25,17327;4;-0,4654064;0,1173667;-0,9657487;0,2594702;0;0;-0,05336552;-0,3085724;0;0;3,058534;23,23273
25,1735;4;-0,4847154;0,1225786;-0,9654507;0,2605949;0;0;-0,05336552;-0,3085724;0;0;3,11103;23,28684
25,17369;4;-0,5040184;0,1278127;-0,9651512;0,261705;0;0;-0,05336552;-0,3085724;0;0;3,171603;23,34903
25,17397;4;-0,5233154;0,1330686;-0,9648502;0,2627954;0;0;-0,05336552;-0,3085724;0;0;3,240262;23,4193
25,17444;4;-0,5426066;0,1383459;-0,9645581;0,2638645;0;0;-0,05336552;-0,3085724;0;0;3,317017;23,49767
25,17475;4;-0,561892;0,1436443;-0,964269;0,2649203;0;0;-0,05336552;-0,3085724;0;0;3,401876;23,58415
25,17511;4;-0,5811717;0,1489634;-0,9639859;0,2659552;0;0;-0,05336552;-0,3085724;0;0;3,494851;23,67874
25,17546;4;-0,6004458;0,1543028;-0,9637058;0,2669699;0;0;-0,05336552;-0,3085724;0;0;3,59595;23,78145
25,17579;4;-0,6197143;0,1596622;-0,9634256;0,2679698;0;0;-0,05336552;-0,3085724;0;0;3,705184;23,8923
25,17611;4;-0,6389774;0,1650413;-0,9631544;0,2689548;0;0;-0,05336552;-0,3085724;0;0;3,822561;24,01129
25,25978;5;-0,6582351;0,1704397;-0,9628832;0,2699204;-0,3722716;-0,456252;-0,05336552;-0,3085724;0;0;3,948091;24,13844
25,26031;5;-0,6774874;0,1758572;-0,962615;0,2708748;0;0;-0,237176;-0,3746216;-0,1551103;-0,009482284;1,729134;13,4174
25,26072;5;-0,6967344;0,1812933;-0,9623528;0,2718046;0;0;-0,2402782;-0,3748112;-0,1551103;-0,009482284;1,790917;13,49844
25,2612;5;-0,7159762;0,1867478;-0,9620875;0,2727255;0;0;-0,2433804;-0,3750009;-0,1551103;-0,009482284;1,859542;13,5875
25,26172;5;-0,7352129;0,1922205;-0,9618372;0,2736345;0;0;-0,2464826;-0,3751905;-0,1551103;-0,009482284;1,935019;13,68456
25,30115;6;-0,7544445;0,1977109;-0,9615779;0,2745204;-0,7118044;-0,3782633;-0,2495848;-0,3753802;-0,1551103;-0,009482284;2,017356;13,78965
25,30152;6;-0,7736711;0,203219;-0,9613305;0,2754048;0;0;-0,4420825;-0,3764228;-0,3633516;-0,009661951;1,237563;9,500152
25,34496;7;-0,7928928;0,2087442;-0,9610862;0,2762601;-0,7993392;-0,1420292;-0,4493496;-0,376616;-0,3633516;-0,009661951;1,295012;9,58414
25,34542;7;-0,8121095;0,2142865;-0,9608328;0,2771154;0;0;-0,5634403;-0,3195521;-0,4941319;0,004515236;0,9350744;7,316274
25,34575;7;-0,8313214;0,2198456;-0,9605974;0,2779543;0;0;-0,573323;-0,3194618;-0,4941319;0,004515236;0,9836423;7,392632
25,38894;8;-0,8505285;0,2254211;-0,960353;0,2787754;-0,8221031;-0,005491108;-0,5832056;-0,3193715;-0,4941319;0,004515236;1,037771;7,476788
25,38961;8;-0,8697309;0,2310129;-0,9601206;0,2795897;0;0;-0,6544278;-0,2560638;-0,5814462;0,02453419;0,8035229;6,043921
25,43275;9;-0,8889287;0,2366207;-0,9598911;0,2803899;-0,8966638;-0,2380319;-0,6660567;-0,2555731;-0,5814462;0,02453419;0,8518271;6,124326
25,4331;9;-0,9081217;0,2422443;-0,9596497;0,2811804;0;0;-0,7284453;-0,2521573;-0,6599168;0,02561674;0,6954068;5,14666
25,46257;10;-0,9273103;0,2478834;-0,9594291;0,2819546;-0,8893121;0,01076226;-0,7416436;-0,2516449;-0,6599168;0,02561674;0,7407707;5,226649
25,46303;10;-0,9464943;0,2535379;-0,9591997;0,2827249;0;0;-0,7828956;-0,2117215;-0,7064423;0,04256324;0,6258721;4,514534
25,48527;11;-0,9656739;0,2592075;-0,9589821;0,2834797;-0,9192912;-0,0977971;-0,7970245;-0,2108702;-0,7064423;0,04256324;0,6695812;4,595933
25,50741;12;-0,984827;0,2649656;-0,9576529;0,2879053;-1,011917;-0,1301012;-0,8320287;-0,1948613;-0,7430152;0,05005863;0,5791337;4,052064
25,53192;13;-1,003954;0,2708104;-0,9563535;0,2922401;-1,012981;0,08307828;-0,8752195;-0,1861351;-0,7938738;0,05414665;0,5150121;3,634804
25,55637;14;-1,023055;0,2767401;-0,9550452;0,2964854;-1,029028;0,01726924;-0,9100932;-0,1555045;-0,8288367;0,07089446;0,4675643;3,30596
25,58219;15;-1,042129;0,282753;-0,9537041;0,3006443;-1,053608;-0,2422267;-0,941387;-0,1367146;-0,8565854;0,08143647;0,4313392;3,041392
25,58274;15;-1,061178;0,2888474;-0,9524465;0,3047198;0;0;-0,9712928;-0,1451753;-0,8812158;0,07489081;0,4030147;2,825078
25,61615;16;-1,080201;0,2950219;-0,951153;0,3087252;-1,044438;-0,09992811;-0,9889171;-0,1436775;-0,8812158;0,07489081;0,4356958;2,9019
25,64073;17;-1,099199;0,3012746;-0,9499013;0,3126353;-1,09316;-0,0531311;-1,011689;-0,1383552;-0,891447;0,07768836;0,4075209;2,715487
25,66769;18;-1,118171;0,3076041;-0,948596;0,3164753;-1,120104;0,02007537;-1,037681;-0,1296626;-0,9078192;0,08319718;0,3848042;2,559639
25,66833;18;-1,137118;0,3140089;-0,9473503;0,3202394;0;0;-1,063682;-0,1160135;-0,9236706;0,09293055;0,366184;2,428206
25,69087;19;-1,156039;0,3204875;-0,9460509;0,3239304;-1,156149;0,1169103;-1,082156;-0,1141549;-0,9236706;0,09293055;0,3971244;2,510442
25,71755;20;-1,174936;0,3270384;-0,9448528;0,3275454;-1,164806;0,2349323;-1,1076;-0,09401987;-0,9378228;0,1091583;0,3766715;2,392129
25,74012;21;-1,193808;0,3336602;-0,9435952;0,3310889;-1,206121;-0,03106357;-1,130965;-0,06688274;-0,9471619;0,1321877;0,3595597;2,290973
25,76469;22;-1,212655;0,3403515;-0,9423494;0,3345653;-1,237948;-0,1739969;-1,156373;-0,06180167;-0,96023;0,1345202;0,3450491;2,204023
25,76512;22;-1,231478;0,347111;-0,9411514;0,3379747;0;0;-1,182493;-0,06726412;-0,9741566;0,12645;0,3325938;2,12895
25,78734;23;-1,250277;0,3539374;-0,9399533;0,34132;-1,237082;0,1074538;-1,201976;-0,06473512;-0,9741566;0,12645;0,3604444;2,216367
25,8112;24;-1,269052;0,3608294;-0,9387493;0,3446013;-1,251221;0,004713997;-1,223258;-0,05007612;-0,9777316;0,1391575;0,3454567;2,144879
25,83586;25;-1,287804;0,3677857;-0,9375989;0,347814;-1,262766;0,1020903;-1,243744;-0,04368286;-0,9795665;0,1430294;0,3324718;2,082479
25,85653;26;-1,306531;0,3748051;-0,9363472;0,35097;-1,275441;0,204831;-1,263275;-0,0311623;-0,9794475;0,153615;0,321104;2,027808
25,8902;27;-1,325236;0,3818864;-0,9352505;0,354065;-1,284526;0,2160019;-1,282094;-0,01271921;-0,9779606;0,170791;0,3110571;1,979743
25,89056;27;-1,343917;0,3890283;-0,9340525;0,3570959;0;0;-1,299929;0,005246437;-0,9746612;0,1873384;0,3021002;1,937348
25,91976;28;-1,362576;0,3962299;-0,9329498;0,3600791;-1,276425;0,3386814;-1,319422;0,008993204;-0,9746612;0,1873384;0,3260048;2,02828
25,94975;29;-1,381211;0,40349;-0,9317517;0,3630057;-1,365915;0,1772396;-1,332361;0,03429854;-0,9624105;0,2125363;0,3146285;1,984274
25,95029;29;-1,399825;0,4108074;-0,9306967;0,3658697;0;0;-1,353062;0,04754075;-0,9650903;0,2231537;0,3045007;1,94494
25,9929;30;-1,418416;0,4181812;-0,9295523;0,3686905;-1,388937;0,05070046;-1,372363;0,05200382;-0,9650903;0,2231537;0,3276833;2,039467
25,99539;30;-1,436985;0,4256102;-0,9284496;0,3714502;0;0;-1,391379;0,05608306;-0,9645754;0,2226938;0,3152601;1,99692
26,03733;31;-1,455532;0,4330935;-0,9273469;0,3741637;-1,425421;-0,01763375;-1,41067;0,06053694;-0,9645754;0,2226938;0,3385734;2,095206
26,03861;31;-1,474058;0,4406301;-0,9263039;0,376831;0;0;-1,429471;0,05934882;-0,9637207;0,2158895;0,3239966;2,048541
26,0899;32;-1,492562;0,4482191;-0,9252012;0,3794491;-1,453151;0,4474449;-1,448745;0,0636666;-0,9637207;0,2158895;0,3472125;2,149875
26,09033;32;-1,511045;0,4558595;-0,9241462;0,3820211;0;0;-1,466381;0,09452666;-0,960952;0,2479112;0,3307155;2,098421
26,09064;32;-1,529507;0,4635503;-0,9231031;0,3845394;0;0;-1,4856;0,09948488;-0,960952;0,2479112;0,3536492;2,202114
26,11713;33;-1,547948;0,4712907;-0,9220481;0,3870204;-1,500082;0,3989766;-1,504819;0,1044431;-0,960952;0,2479112;0,3777703;2,310672
26,14502;34;-1,566369;0,4790799;-0,9210527;0,3894597;-1,565891;0,4232442;-1,5212;0,1310507;-0,9563904;0,273782;0,3553435;2,242871
26,14557;34;-1,58477;0,4869169;-0,9200454;0,3918499;0;0;-1,543194;0,1573742;-0,9609229;0,2985721;0,3362918;2,181369
26,17179;35;-1,60315;0,494801;-0,9190023;0,3942057;-1,58712;0,3784671;-1,562412;0,1633457;-0,9609229;0,2985721;0,3580858;2,287371
26,19571;36;-1,621511;0,5027313;-0,9180486;0,3965154;-1,59883;0,2857835;-1,582249;0,184797;-0,961871;0,3167703;0,338004;2,220399
26,2233;37;-1,639852;0,5107071;-0,9170532;0,3987879;-1,611641;0,2256093;-1,601202;0,1979456;-0,9614419;0,3247293;0,3208061;2,15947
26,22364;37;-1,658173;0,5187277;-0,9160459;0,401032;0;0;-1,619535;0,2059247;-0,9601066;0,3264526;0,3059102;2,10379
26,2547;38;-1,676475;0,5267922;-0,9151042;0,4032254;-1,642913;0,3829558;-1,638737;0,2124537;-0,9601066;0,3264526;0,3245694;2,203467
26,28509;39;-1,694758;0,5349;-0,9141505;0,4053891;-1,656733;0,4001539;-1,656393;0,2306925;-0,9578638;0,3398601;0,3086901;2,142376
26,28559;39;-1,713022;0,5430503;-0,9131968;0,407514;0;0;-1,673701;0,2488028;-0,9552149;0,3527189;0,294869;2,086454
26,31965;40;-1,731267;0,5512425;-0,9122491;0,4096091;-1,653817;0,4113182;-1,692805;0,2558571;-0,9552149;0,3527189;0,3121496;2,183155
26,36293;41;-1,749494;0,559476;-0,9113491;0,4116774;-1,732224;0,3949748;-1,706149;0,2734089;-0,9471641;0,3644677;0,2974714;2,122016
26,36352;41;-1,767702;0,56775;-0,9104013;0,413698;0;0;-1,725769;0,288568;-0,948099;0,3732053;0,2846373;2,065985
26,36424;41;-1,785892;0,5760639;-0,9095013;0,4156947;0;0;-1,744731;0,2960322;-0,948099;0,3732053;0,3007211;2,159433
26,39826;42;-1,804064;0,5844172;-0,9086013;0,4176676;-1,746026;0,446409;-1,763693;0,3034963;-0,948099;0,3732053;0,3175215;2,256284
26,44111;43;-1,822218;0,5928092;-0,9076953;0,4195988;-1,796981;0,6243129;-1,778975;0,3208252;-0,9431859;0,3838768;0,3013881;2,184916
26,44248;43;-1,840355;0,6012394;-0,9068549;0,4215091;0;0;-1,797756;0,3494056;-0,9430774;0,4062836;0,2873825;2,119901
26,4898;44;-1,858474;0,6097072;-0,9059489;0,4233897;-1,818157;0,9529978;-1,816618;0,3575313;-0,9430774;0,4062836;0,302891;2,212359
26,49035;44;-1,876575;0,618212;-0,9050488;0,4252404;0;0;-1,833814;0,4076142;-0,9409234;0,4504406;0,2883921;2,143078
26,49082;44;-1,89466;0,6267534;-0,9042501;0,4270703;0;0;-1,852633;0,416623;-0,9409234;0,4504406;0,3036315;2,234794
26,53944;45;-1,912763;0,6352539;-0,9051502;0,4250258;-1,860773;0,8494357;-1,871451;0,4256319;-0,9409234;0,4504406;0,3195135;2,329514
26,53997;45;-1,930886;0,6437144;-0,9061515;0,4230261;0;0;-1,887298;0,4656889;-0,9371957;0,4821777;0,3021968;2,245563
26,57792;46;-1,949026;0,6521361;-0,9069979;0,421083;-1,919335;0,6567228;-1,906042;0,4753325;-0,9371957;0,4821777;0,3176728;2,338815
26,57911;46;-1,967184;0,6605199;-0,9078979;0,4191905;0;0;-1,924241;0,4978694;-0,9365243;0,4950947;0,3003597;2,252152
26,60561;47;-1,985359;0,6688669;-0,9087503;0,4173487;-1,986305;1,120566;-1,942971;0,5077713;-0,9365243;0,4950947;0,3154383;2,343777
26,60597;47;-2,003551;0,6771779;-0,9096026;0,4155517;0;0;-1,964147;0,5629885;-0,9394774;0,5395886;0,2982095;2,254895
26,63485;48;-2,021758;0,6854541;-0,9103537;0,4138082;-1,984916;0,8350436;-1,982937;0,5737803;-0,9394774;0,5395886;0,3129038;2,344768
26,66174;49;-2,03998;0,6936964;-0,9110928;0,4121155;-2,01881;0,6176297;-2,000069;0,603392;-0,9375101;0,5577005;0,2958244;2,25414
26,68717;50;-2,058218;0,7019057;-0,9119034;0,4104674;-2,037951;0,8002987;-2,018818;0,6147693;-0,9375092;0,5579133;0,2810902;2,172551
26,68762;50;-2,07647;0,7100829;-0,9125948;0,4088581;0;0;-2,037602;0,638126;-0,9375492;0,5694294;0,2682589;2,098704
26,71412;51;-2,094736;0,718229;-0,9133101;0,4073054;-2,036569;0,4823292;-2,056353;0,6495146;-0,9375492;0,5694294;0,2810721;2,179101
26,73891;52;-2,113015;0,7263449;-0,9139419;0,4057944;-2,042177;0,430312;-2,071661;0,6483838;-0,933569;0,5578266;0,2681033;2,103228
26,7608;53;-2,131307;0,7344317;-0,9145975;0,40434;-2,114392;0,6630794;-2,086211;0,6439962;-0,9288318;0,54355;0,2567283;2,034316
26,78794;54;-2,149612;0,74249;-0,9152532;0,4029155;-2,121443;0,5353851;-2,105577;0,6554069;-0,9297357;0,5440414;0,2466807;1,971443
26,78833;54;-2,167929;0,7505208;-0,9158492;0,4015416;0;0;-2,123956;0,6579368;-0,929489;0,5365013;0,2377516;1,913844
26,81563;55;-2,186257;0,7585251;-0,9163976;0,4002124;-2,147927;0,6523911;-2,142545;0,6686668;-0,929489;0,5365013;0,2488331;1,983942
26,84172;56;-2,204597;0,7665037;-0,9170055;0,3989309;-2,183478;0,786709;-2,16008;0,6776648;-0,9282935;0,534963;0,2395972;1,924132
26,87155;57;-2,222947;0,7744574;-0,9174943;0,3976852;-2,198108;1,095308;-2,179019;0,6944917;-0,9287147;0,5403613;0,2313597;1,869227
26,87197;57;-2,241308;0,7823871;-0,9180546;0,3964841;0;0;-2,197632;0,7289419;-0,928758;0,561029;0,2239777;1,818645
26,89834;58;-2,259679;0,7902937;-0,9185553;0,3953308;-2,239981;1,234249;-2,216207;0,7401624;-0,928758;0,561029;0,2343091;1,883116
26,92401;59;-2,278059;0,798178;-0,9189963;0,3942162;-2,328666;1,638544;-2,235175;0,7808446;-0,9291996;0,586391;0,2265866;1,830416
26,92447;59;-2,296449;0,8060408;-0,919497;0,3931403;0;0;-2,259243;0,8428172;-0,935357;0,6293199;0,2196496;1,781791
26,95253;60;-2,314847;0,8138829;-0,9199023;0,3921032;-2,299718;0,8684853;-2,27795;0,8554035;-0,935357;0,6293199;0,2297354;1,843511
26,98077;61;-2,333254;0,8217053;-0,9203553;0,3911197;-2,349303;0,8948554;-2,296884;0,8680196;-0,9356112;0,6293448;0,2224554;1,792926
27,01335;62;-2,351669;0,8295086;-0,9207487;0,390166;-2,404406;1,327299;-2,318022;0,8814359;-0,9383259;0,630038;0,2159022;1,746184
27,01393;62;-2,370091;0,8372937;-0,9210944;0,3892541;0;0;-2,341522;0,9186295;-0,9436213;0,650449;0,2099822;1,702863
27,0414;63;-2,388521;0,8450614;-0,9214997;0,3883868;-2,378825;0,9147655;-2,360394;0,9316384;-0,9436213;0,650449;0,2195955;1,760149
27,06869;64;-2,406958;0,8528125;-0,9218574;0,3875554;-2,395667;0,9422696;-2,379235;0,9429392;-0,9435862;0,6490505;0,2133181;1,714971
27,06912;64;-2,425402;0,8605478;-0,9221911;0,3867626;0;0;-2,397938;0,9551589;-0,9433972;0,6484315;0,2076394;1,673052
27,09563;65;-2,443852;0,868268;-0,9225011;0,3860116;-2,417351;1,002655;-2,416806;0,9681275;-0,9433972;0,6484315;0,2171436;1,728187
27,12198;66;-2,462308;0,8759739;-0,9227991;0,3852934;-2,418492;0,7438946;-2,434385;0,9823067;-0,9419549;0,649403;0,211104;1,684542
27,12242;66;-2,480769;0,8836663;-0,9230494;0,3846198;0;0;-2,450843;0,981518;-0,9392913;0,6384176;0,2056337;1,644002
27,14668;67;-2,499236;0,891346;-0,9233594;0,383985;-2,435971;0,8546892;-2,469629;0,9942864;-0,9392913;0,6384176;0,2150496;1,697118
27,17245;68;-2,517708;0,8990136;-0,9235978;0,3833801;-2,503747;0,7339749;-2,484757;0,9986494;-0,9351977;0,6317993;0,2092147;1,65497
27,19853;69;-2,536184;0,9066701;-0,9238005;0,3828257;-2,51946;0,8570676;-2,503481;0,9963496;-0,9352194;0,6201114;0,203924;1,61578
27,2219;70;-2,554665;0,9143161;-0,9240508;0,3823012;-2,536834;0,9681875;-2,522004;1,000767;-0,9350168;0,6138996;0,1991141;1,579251
27,22222;70;-2,57315;0,9219523;-0,9242415;0,3818095;0;0;-2,540453;1,010735;-0,9347348;0,6121124;0,1947315;1,545123
27,24538;71;-2,591638;0,9295795;-0,9244084;0,3813595;-2,590676;1,512907;-2,559148;1,022977;-0,9347348;0,6121124;0,2036796;1,593548
27,27134;72;-2,61013;0,9371985;-0,9245992;0,3809512;-2,659619;1,729165;-2,578694;1,060025;-0,935692;0,6310905;0,1989236;1,557881
27,29529;73;-2,628625;0,94481;-0,9247422;0,3805727;-2,663218;1,434282;-2,601443;1,10601;-0,9402361;0,6564775;0,1945872;1,524539
27,31992;74;-2,647123;0,9524146;-0,9249091;0,3802299;-2,688986;1,602436;-2,622978;1,134826;-0,9433158;0,6683527;0,1906259;1,493307
27,34509;75;-2,665623;0,9600133;-0,9249926;0,3799349;-2,709422;1,661359;-2,644783;1,17036;-0,9466368;0,6850511;0,1870013;1,463995
27,34573;75;-2,684126;0,9676066;-0,9251475;0,3796667;0;0;-2,666514;1,206915;-0,9498069;0,7021862;0,1836801;1,436437
27,37091;76;-2,70263;0,9751953;-0,9252071;0,3794342;-2,736216;1,703749;-2,68551;1,220959;-0,9498069;0,7021862;0,1922065;1,480071
27,39758;77;-2,721136;0,9827803;-0,9253025;0,3792495;-2,76944;1,440401;-2,706499;1,257675;-0,9520731;0,7190295;0,1885078;1,451067
27,42275;78;-2,739643;0,990362;-0,9253502;0,3790855;-2,772984;1,131415;-2,728249;1,280045;-0,9551596;0,7249382;0,1851166;1,423794
27,42314;78;-2,758152;0,9979413;-0,9254456;0,3789663;0;0;-2,748907;1,286942;-0,9569352;0,7193401;0,1820037;1,398106
27,45051;79;-2,77666;1,005519;-0,9253979;0,3788859;-2,794807;1,39065;-2,768046;1,301329;-0,9569352;0,7193401;0,1905199;1,439814
27,47922;80;-2,79517;1,013096;-0,9255052;0,3788471;-2,833362;1,698041;-2,78766;1,319244;-0,9574797;0,7219167;0,1870172;1,412764
27,50665;81;-2,813679;1,020672;-0,9254456;0,3787994;-2,828453;1,595321;-2,808436;1,350531;-0,9593465;0,7341686;0,1838001;1,387285
27,50714;81;-2,832181;1,028266;-0,9250998;0,3796995;0;0;-2,827673;1,375671;-0,9594041;0,7417424;0,180842;1,363251
27,53536;82;-2,850677;1,035877;-0,9248018;0,3805518;-2,848402;1,590047;-2,846861;1,390506;-0,9594041;0,7417424;0,1893625;1,403251
27,56314;83;-2,869164;1,043507;-0,9243488;0,3814995;-2,865551;1,669273;-2,864955;1,413825;-0,9581423;0,7478403;0,1860034;1,377928
27,5636;83;-2,887644;1,051154;-0,9240031;0,3823519;0;0;-2,882986;1,439636;-0,9568353;0,7556129;0,1829134;1,354041
27,58906;84;-2,906116;1,058821;-0,9235978;0,3833473;0;0;-2,902123;1,454748;-0,9568353;0,7556129;0,1915663;1,393315
27,61986;85;-2,924581;1,066507;-0,9232521;0,3843009;-2,937788;1,271085;-2,921259;1,469861;-0,9568353;0,7556129;0,2006374;1,433578
27,65029;86;-2,943037;1,074212;-0,9227991;0,3852487;-2,946554;1,170186;-2,940225;1,47495;-0,9566379;0,7485178;0,1963806;1,405732
27,65065;86;-2,961484;1,081938;-0,9223461;0,3863037;0;0;-2,958537;1,475218;-0,9556885;0,7381487;0,1924774;1,379535
27,68096;87;-2,979923;1,089684;-0,9219527;0,3872991;-2,992912;1,612425;-2,97765;1,489981;-0,9556885;0,7381487;0,2015852;1,418934
27,70907;88;-2,998353;1,097451;-0,9214997;0,3883481;-3,043735;1,606223;-2,996511;1,509739;-0,9553961;0,7416453;0,1972403;1,391613
27,70984;88;-3,016775;1,105239;-0,9210944;0,3894031;0;0;-3,01743;1,528289;-0,957487;0,7442384;0,1932577;1,365902
27,73748;89;-3,035187;1,113049;-0,9206057;0,3904998;-3,062825;1,694644;-3,03658;1,543174;-0,957487;0,7442384;0,2023925;1,404482
27,76522;90;-3,053589;1,120882;-0,920105;0,3916502;-3,099603;1,658078;-3,056198;1,564331;-0,9580272;0,748583;0,1979679;1,377698
27,76563;90;-3,071982;1,128737;-0,9196401;0,3927469;0;0;-3,076926;1,582855;-0,9598341;0,7510347;0,1939141;1,352485
27,79962;91;-3,090365;1,136615;-0,9191513;0,3939033;-3,102086;1,869112;-3,096122;1,597875;-0,9598341;0,7510347;0,2030672;1,390292
27,83051;92;-3,108738;1,144517;-0,9186506;0,3950953;-3,171265;1,793474;-3,114443;1,624546;-0,9588252;0,7590246;0,1985723;1,364052
27,83086;92;-3,1271;1,152443;-0,9181023;0,3963053;0;0;-3,13606;1,64659;-0,9616345;0,7637175;0,1944555;1,339342
27,86096;93;-3,145452;1,160394;-0,9176016;0,3975451;-3,18715;1,6999;-3,155292;1,661864;-0,9616345;0,7637175;0,2036203;1,376422
27,89502;94;-3,163793;1,16837;-0,9170532;0,3988028;-3,251076;2,012756;-3,175363;1,678164;-0,962598;0,764414;0,1990641;1,350728
27,8956;94;-3,182122;1,176372;-0,9164453;0,4001021;0;0;-3,198282;1,707571;-0,9668143;0,7739807;0,1948929;1,326524
27,93415;95;-3,20044;1,1844;-0,9158969;0,4013956;-3,238949;1,731326;-3,217619;1,72305;-0,9668143;0,7739807;0,2040636;1,362921
27,93456;95;-3,218746;1,192455;-0,9153008;0,4027545;0;0;-3,237088;1,738209;-0,9669665;0,7737643;0,1994553;1,337771
27,96849;96;-3,237041;1,200537;-0,9147525;0,4040956;-3,241855;1,610417;-3,256427;1,753684;-0,9669665;0,7737643;0,2088281;1,374267
27,96891;96;-3,255323;1,208647;-0,9140968;0,4055023;0;0;-3,273463;1,762025;-0,9643267;0,7689844;0,2037805;1,348212
27,99906;97;-3,273592;1,216785;-0,9134531;0,4068971;-3,281172;1,764339;-3,292749;1,777405;-0,9643267;0,7689844;0,2133353;1,384784
28,0312;98;-3,291848;1,224953;-0,9127975;0,4084051;-3,317952;1,247168;-3,309898;1,791497;-0,9618827;0,7681265;0,2078514;1,357867
28,0316;98;-3,310091;1,23315;-0,9121537;0,4098475;0;0;-3,328379;1,781999;-0,9610195;0,7516071;0,2028567;1,332552
28,05848;99;-3,328321;1,241377;-0,9114981;0,4113495;-3,337244;1,438131;-3,3476;1,797031;-0,9610195;0,7516071;0,2123315;1,368401
28,09134;100;-3,346536;1,249635;-0,9107471;0,4128993;-3,328456;1,178382;-3,36478;1,795333;-0,9586961;0,7405465;0,2069099;1,342252
28,09172;100;-3,364738;1,257924;-0,9101033;0,414449;0;0;-3,380218;1,782396;-0,9544443;0,7222466;0,2019716;1,317645
28,13393;101;-3,382924;1,266245;-0,9093046;0,4160523;-3,368272;1,407989;-3,399307;1,796841;-0,9544443;0,7222466;0,2113759;1,352829
28,13445;101;-3,401096;1,274599;-0,9086013;0,4176974;0;0;-3,414953;1,793441;-0,9505342;0,7105321;0,2060182;1,327414
28,17435;102;-3,419252;1,282987;-0,9077907;0,4194021;-3,449294;1,803489;-3,433964;1,807652;-0,9505342;0,7105321;0,2155923;1,362693
28,17475;102;-3,437393;1,291408;-0,9070516;0,4210472;0;0;-3,452717;1,821044;-0,9502425;0,7099973;0,2098205;1,336508
28,2046;103;-3,455518;1,299864;-0,9062529;0,4228055;-3,474591;1,749007;-3,471722;1,835244;-0,9502425;0,7099973;0,2195461;1,371863
28,20511;103;-3,473625;1,308355;-0,9053469;0,424546;0;0;-3,489579;1,844941;-0,9489457;0,7070684;0,2133698;1,344944
28,2393;104;-3,491716;1,316883;-0,9045482;0,4263997;-3,541788;1,942891;-3,508558;1,859082;-0,9489457;0,7070684;0,2232295;1,380358
28,27377;105;-3,50979;1,325447;-0,9037018;0,4281998;-3,564699;1,719073;-3,528566;1,876365;-0,9501048;0,7091025;0,2166619;1,352744
28,27409;105;-3,527846;1,334048;-0,9028077;0,4300535;0;0;-3,548772;1,882963;-0,9514581;0,7042024;0,21072;1,326804
28,30279;106;-3,545883;1,342688;-0,9018421;0,4319966;-3,576715;1,774841;-3,567801;1,897048;-0,9514581;0,7042024;0,2204133;1,36151
28,30335;106;-3,563902;1,351367;-0,900948;0,4339516;0;0;-3,586108;1,905067;-0,9506481;0,7002996;0,2140884;1,334888
28,33221;107;-3,581902;1,360085;-0,9000063;0,4359007;-3,616327;1,677503;-3,605121;1,919073;-0,9506481;0,7002996;0,223912;1,369665
28,35889;108;-3,599882;1,368844;-0,898993;0,4379511;-3,652447;1,781703;-3,623569;1,921643;-0,9500156;0,692969;0,2172167;1,342394
28,38681;109;-3,617842;1,377644;-0,8980036;0,4399955;-3,637644;1,595007;-3,643264;1,928752;-0,9507928;0,6886498;0,2111661;1,316777
28,38712;109;-3,635782;1,386486;-0,8970022;0,4421055;0;0;-3,660591;1,92755;-0,9489055;0,6790841;0,2056808;1,292676
28,41479;110;-3,6537;1,39537;-0,8959055;0,4441977;-3,675202;1,804678;-3,679569;1,941132;-0,9489055;0,6790841;0,215083;1,32611
28,45;111;-3,671596;1,404299;-0,8947968;0,4464507;-3,694925;1,799923;-3,696919;1,948205;-0,9470875;0,6749389;0,2092261;1,301347
28,45046;111;-3,68947;1,413272;-0,8937001;0,4486501;0;0;-3,714438;1,954812;-0,9454986;0,6705552;0,203912;1,278036
28,48228;112;-3,707322;1,42229;-0,8925915;0,4508972;-3,706693;1,877727;-3,733348;1,968223;-0,9454986;0,6705552;0,2132275;1,31095
28,48261;112;-3,72515;1,431355;-0,8914113;0,4532516;0;0;-3,749106;1,977177;-0,9419797;0,6677271;0,2075428;1,286983
28,51707;113;-3,742921;1,440529;-0,8885503;0,4586995;-3,740083;1,432356;-3,767945;1,990531;-0,9419797;0,6677271;0,2170213;1,320043
28,54798;114;-3,760635;1,449814;-0,8856893;0,4642487;-3,747552;1,364035;-3,783501;1,979206;-0,9383162;0,6521094;0,2109703;1,295444
28,54833;114;-3,778292;1,459208;-0,8828521;0,4697025;0;0;-3,798519;1,965606;-0,9341366;0,6352695;0,2054863;1,272288
28,5804;115;-3,795891;1,46871;-0,8799553;0,4750967;-3,827228;1,834134;-3,817202;1,978312;-0,9341366;0,6352695;0,2148626;1,30485
28,61202;116;-3,813431;1,47832;-0,8769989;0,4805028;-3,836184;1,738051;-3,835281;1,984318;-0,9334641;0,631044;0,209013;1,281065
28,61257;116;-3,830911;1,488037;-0,8739948;0,4858494;0;0;-3,852744;1,986077;-0,9321188;0,6241999;0,2037067;1,258661
28,64595;117;-3,848332;1,497862;-0,8710504;0,4912496;-3,866495;1,694406;-3,871387;1,998561;-0,9321188;0,6241999;0,2130013;1,290776
28,64645;117;-3,865692;1,507793;-0,8679986;0,4965484;0;0;-3,888403;1,997664;-0,9303049;0,6157832;0,2073289;1,267746
28,6752;118;-3,882991;1,51783;-0,8649588;0,5018532;-3,916505;1,669594;-3,907009;2,00998;-0,9303049;0,6157832;0,2167891;1,300036
28,70668;119;-3,900228;1,527974;-0,8618474;0,5071998;-3,985267;1,977833;-3,924975;2,007289;-0,9295915;0,6063612;0,2107539;1,276398
28,70701;119;-3,917402;1,538222;-0,8587003;0,5123973;0;0;-3,94642;2,017678;-0,932772;0,6052706;0,2052847;1,254132
28,73695;120;-3,934514;1,548576;-0,8556008;0,5177021;-3,994938;1,955177;-3,965075;2,029784;-0,932772;0,6052706;0,2146473;1,285993
28,76641;121;-3,951561;1,559035;-0,8523464;0,5229473;-4,023843;1,926529;-3,984511;2,038238;-0,9336416;0,6029835;0,2088149;1,263119
28,76677;121;-3,968544;1,569599;-0,8491516;0,5282044;0;0;-4,004585;2,045176;-0,935204;0,5997766;0,2035246;1,24156
28,79676;122;-3,985461;1,580267;-0,8458495;0,533396;-4,030823;1,739538;-4,02329;2,057171;-0,935204;0,5997766;0,2128094;1,273039
28,82402;123;-4,002311;1,59104;-0,8425117;0,5386531;-4,088218;2,055749;-4,041222;2,055423;-0,9343438;0,5911815;0,2071545;1,250871
28,82435;123;-4,019095;1,601917;-0,8391857;0,5438507;0;0;-4,061815;2,066775;-0,9364704;0,5908868;0,2020206;1,229966
28,85288;124;-4,03581;1,612898;-0,8357525;0,5490482;-4,072239;1,78575;-4,080545;2,078593;-0,9364704;0,5908868;0,2112443;1,261103
28,88021;125;-4,052457;1,623984;-0,8323431;0,5542994;-4,052952;1,461467;-4,09742;2,077822;-0,9344005;0,5830243;0,2057436;1,239589
28,90507;126;-4,069034;1,635173;-0,8288622;0,5594492;-4,071151;1,515226;-4,111882;2,063958;-0,9296804;0,5670873;0,2007458;1,219289
28,90543;126;-4,08554;1,646467;-0,8252859;0,5647004;0;0;-4,126596;2,052895;-0,925343;0,5530995;0,1961941;1,200113
28,93391;127;-4,101974;1,657865;-0,8217096;0,5699039;-4,095109;1,720356;-4,145103;2,063957;-0,925343;0,5530995;0,205174;1,230462
28,96367;128;-4,118336;1,669367;-0,8181095;0,5750954;-4,086074;1,557507;-4,159037;2,060706;-0,9202217;0,5441651;0,2002508;1,210665
28,96402;128;-4,134624;1,680974;-0,8143902;0,5803525;0;0;-4,17148;2,051164;-0,9135379;0,5314151;0,1957646;1,191957
29,00155;129;-4,150836;1,692685;-0,8105993;0,5855501;-4,102916;1,735462;-4,18975;2,061792;-0,9135379;0,5314151;0,2047497;1,222097
29,03558;130;-4,166973;1,704501;-0,8068562;0,5908012;-4,144961;1,319458;-4,201018;2,058911;-0,9056739;0,5229817;0,1998863;1,202764
29,03609;130;-4,183032;1,716421;-0,8029461;0,5959988;0;0;-4,214299;2,039762;-0,900243;0,5044968;0,1954525;1,184488
29,06586;131;-4,199013;1,728447;-0,7990599;0,6012976;-4,140081;1,214745;-4,232304;2,049852;-0,900243;0,5044968;0,204446;1,214444
29,0662;131;-4,214914;1,740577;-0,7950306;0,6065011;0;0;-4,242974;2,02626;-0,8919869;0,4834642;0,1996296;1,19554
29,09435;132;-4,230734;1,752813;-0,7910013;0,6118;-4,250291;1,917821;-4,260814;2,035929;-0,8919869;0,4834642;0,208827;1,22578
29,12243;133;-4,246472;1,765155;-0,7869005;0,6170988;-4,273232;1,957762;-4,276729;2,040461;-0,8898191;0,4802561;0,2036231;1,206252
29,12275;133;-4,262127;1,777602;-0,782752;0,62235;0;0;-4,293113;2,046411;-0,888229;0,477974;0,1988852;1,187794
29,15027;134;-4,277697;1,790156;-0,7785082;0,6277025;-4,294125;1,881312;-4,310878;2,05597;-0,888229;0,477974;0,2080551;1,217841
29,18029;135;-4,29318;1,802816;-0,7741451;0,6330013;-4,322931;2,065729;-4,326307;2,058169;-0,8855977;0,4733766;0,2029279;1,198755
29,20724;136;-4,308575;1,815582;-0,7697582;0,6383002;-4,345737;2,128044;-4,342626;2,067561;-0,8840266;0,4733297;0,1982578;1,180709
29,20753;136;-4,323881;1,828456;-0,7652998;0,6437004;0;0;-4,359364;2,079007;-0,8829637;0,4745661;0,1939947;1,16363
29,23583;137;-4,339095;1,841437;-0,7606983;0,6490469;-4,424521;2,501584;-4,377024;2,088498;-0,8829637;0,4745661;0,2029563;1,193086
29,27859;138;-4,354218;1,854526;-0,7561445;0,654453;-4,437385;2,345294;-4,396655;2,113802;-0,8851922;0,4844523;0,1983029;1,175371
29,28113;138;-4,369246;1,867723;-0,7514;0,6598473;0;0;-4,415848;2,132057;-0,8868762;0,4898098;0,1940538;1,158599
29,3296;139;-4,384177;1,881029;-0,7465601;0,6653011;-4,435421;2,191097;-4,433586;2,141853;-0,8868762;0,4898098;0,2030371;1,187958
29,33112;139;-4,399012;1,894443;-0,741744;0,6707013;0;0;-4,450272;2,153188;-0,8856857;0,4907731;0,1983929;1,170544
29,33224;139;-4,413746;1,907966;-0,7366896;0,6761491;0;0;-4,467986;2,163004;-0,8856857;0,4907731;0,2075855;1,200225
29,40136;140;-4,42838;1,9216;-0,7317066;0,6816983;-4,437325;2,104649;-4,485699;2,172819;-0,8856857;0,4907731;0,2172045;1,230664
29,40176;140;-4,44291;1,935343;-0,7265091;0,6871521;0;0;-4,498759;2,179487;-0,8804246;0,4888026;0,2112561;1,210938
29,40205;140;-4,457335;1,949196;-0,72124;0,6926477;0;0;-4,516367;2,189263;-0,8804246;0,4888026;0,2210248;1,241641
29,43373;141;-4,471653;1,963161;-0,7158995;0,6982505;-4,478283;2,068936;-4,533976;2,199039;-0,8804246;0,4888026;0,2312323;1,273116
29,43423;141;-4,485861;1,977237;-0,710392;0,7037997;0;0;-4,546115;2,202982;-0,8742725;0,4851554;0,2238401;1,250941
29,47342;142;-4,499958;1,991424;-0,7048607;0,7093489;-4,482274;1,941593;-4,563601;2,212686;-0,8742725;0,4851554;0,2341328;1,282618
29,47387;142;-4,513941;2,005723;-0,6991386;0,7149518;0;0;-4,573629;2,210597;-0,8659208;0,4777899;0,2263953;1,259852
29,50842;143;-4,527809;2,020134;-0,6934166;0,7205486;-4,50784;1,981654;-4,590948;2,220152;-0,8659208;0,4777899;0,2367591;1,291718
29,5087;143;-4,541333;2,034868;-0,6762028;0,7367015;0;0;-4,60061;2,219221;-0,8573841;0,4712474;0,2286996;1,268376
29,54143;144;-4,554511;2,049913;-0,6588936;0,7522464;-4,53007;2,019529;-4,617758;2,228646;-0,8573841;0,4712474;0,2391217;1,300417
29,58311;145;-4,567337;2,065259;-0,6412983;0,7673025;-4,520146;1,86419;-4,626842;2,228771;-0,8484315;0,4654539;0,2307644;1,276515
29,58348;145;-4,579808;2,080894;-0,62356;0,7817507;0;0;-4,634606;2,222452;-0,8382319;0,4557224;0,2232794;1,254013
29,58377;145;-4,591921;2,096809;-0,6056309;0,7957458;0;0;-4,651371;2,231566;-0,8382319;0,4557224;0,2333946;1,285633
29,62086;146;-4,603673;2,112993;-0,5876064;0,8092046;-4,52229;1,83397;-4,668136;2,240681;-0,8382319;0,4557224;0,2439524;1,318035
29,67045;147;-4,615059;2,129435;-0,5692959;0,822103;-4,633966;1,922055;-4,672163;2,231873;-0,8241941;0,4445836;0,2349911;1,292991
29,6715;147;-4,626079;2,146125;-0,5510092;0,8345008;0;0;-4,684509;2,227279;-0,8196425;0,4362072;0,2269918;1,269439
29,67219;147;-4,636728;2,163054;-0,5324364;0,8464456;0;0;-4,700902;2,236003;-0,8196425;0,4362072;0,2371988;1,301366
29,71314;148;-4,647006;2,180211;-0,5139112;0,8578539;-4,671589;2,174384;-4,717295;2,244727;-0,8196425;0,4362072;0,2478495;1,334078
29,71365;148;-4,656909;2,197587;-0,4951477;0,8687973;0;0;-4,728754;2,250004;-0,8142433;0,4340705;0,2383772;1,30796
29,76439;149;-4,666436;2,215172;-0,4763603;0,879252;-4,71485;2,422098;-4,745039;2,258685;-0,8142433;0,4340705;0,2490334;1,340782
29,76514;149;-4,675586;2,232957;-0,4575014;0,8892417;0;0;-4,757615;2,274145;-0,8102024;0,4382648;0,2393844;1,314193
29,76553;149;-4,684356;2,250931;-0,4384995;0,8987069;0;0;-4,773819;2,28291;-0,8102024;0,4382648;0,250041;1,347116
29,80405;150;-4,692747;2,269086;-0,4195452;0,907743;-4,741626;2,58123;-4,790023;2,291676;-0,8102024;0,4382648;0,2611498;1,380835
29,80455;150;-4,700756;2,287412;-0,4004478;0,9163022;0;0;-4,800844;2,313091;-0,8043767;0,4460701;0,2499942;1,351593
29,85225;151;-4,708382;2,305901;-0,3813028;0,9244561;-4,796692;2,931778;-4,816931;2,322013;-0,8043767;0,4460701;0,2610418;1,385349
29,85266;151;-4,715626;2,324543;-0,3621817;0,9320974;0;0;-4,829993;2,358087;-0,8011185;0,4627873;0,2498503;1,355743
29,89136;152;-4,722486;2,34333;-0,3430128;0,9393454;-4,790832;2,81019;-4,846016;2,367343;-0,8011185;0,4627873;0,2608386;1,389529
29,89169;152;-4,728962;2,362252;-0,3237963;0,9461045;0;0;-4,856113;2,396249;-0,7947652;0,4748598;0,2496281;1,359581
29,92297;153;-4,735055;2,381302;-0,3046513;0,9525061;-4,807152;2,877756;-4,872008;2,405746;-0,7947652;0,4748598;0,2605594;1,393391
29,9234;153;-4,740764;2,40047;-0,2854586;0,958395;0;0;-4,881192;2,436259;-0,7875961;0,4877445;0,2493442;1,363121
29,9628;154;-4,746089;2,419748;-0,266242;0,9639025;-4,858442;3,077965;-4,896944;2,446013;-0,7875961;0,4877445;0,2602215;1,396949
30,01503;155;-4,751031;2,439127;-0,247097;0,968945;-4,869705;3,166248;-4,908193;2,484107;-0,7828022;0,5050844;0,2490134;1,366379
30,016;155;-4,75559;2,458601;-0,227952;0,9737015;0;0;-4,919533;2,524177;-0,778213;0,5234058;0,2391281;1,337781
30,01658;155;-4,759768;2,47816;-0,2089024;0,9779453;0;0;-4,935097;2,534645;-0,778213;0,5234058;0,2495178;1,370889
30,07413;156;-4,763564;2,497796;-0,189805;0,9818077;-4,856591;3,076971;-4,950662;2,545113;-0,778213;0,5234058;0,2603518;1,404793
30,07489;156;-4,76698;2,517502;-0,1708031;0,9853005;0;0;-4,957123;2,579453;-0,7685631;0,5379643;0,249086;1,373592
30,07528;156;-4,770017;2,53727;-0,1518488;0,9884;0;0;-4,972494;2,590213;-0,7685631;0,5379643;0,2598711;1,407498
30,12161;157;-4,772677;2,557093;-0,1329899;0,9911418;-4,888944;3,270452;-4,987865;2,600972;-0,7685631;0,5379643;0,2711091;1,442207
30,12221;157;-4,774961;2,576962;-0,1142025;0,9934545;0;0;-4,993391;2,642655;-0,7581747;0,5567635;0,258446;1,408358
30,15587;158;-4,77687;2,59687;-0,09543896;0,9953976;-4,89518;3,328985;-5,008554;2,65379;-0,7581747;0,5567635;0,2695796;1,443007
30,15617;158;-4,778408;2,616811;-0,07691383;0,9970546;0;0;-5,012702;2,696115;-0,7465915;0,575682;0,2570787;1,409029
30,19138;159;-4,779574;2,636777;-0,05829334;0,9982944;-4,890677;3,286983;-5,027635;2,707629;-0,7465915;0,575682;0,2681178;1,443618
30,19168;159;-4,780373;2,656761;-0,03995895;0,9992003;0;0;-5,029616;2,745822;-0,7330108;0,591831;0,2557753;1,409528
30,22306;160;-4,780805;2,676757;-0,02160072;0,9998083;-4,885386;3,217391;-5,044277;2,757658;-0,7330108;0,591831;0,2667293;1,444056
30,22336;160;-4,778367;2,696607;0,1219034;0,9925008;0;0;-5,044212;2,790544;-0,7176024;0,6045465;0,2545402;1,40987
30,25593;161;-4,77316;2,715918;0,2603531;0,9655476;-4,870485;3,142993;-5,058564;2,802635;-0,7176024;0,6045465;0,2654179;1,444338
30,29089;162;-4,765338;2,734325;0,3911018;0,9203434;-4,802177;2,921079;-5,055819;2,830155;-0,6997434;0,6138496;0,2533763;1,41007
30,29119;162;-4,755098;2,751504;0,5120039;0,8589506;0;0;-5,048152;2,846045;-0,6771232;0,6160262;0,2428043;1,378123
30,32015;163;-4,74267;2,767174;0,6213903;0,7835031;-4,806843;2,954268;-5,061695;2,858366;-0,6771232;0,6160262;0,2531651;1,41173
30,35179;164;-4,728312;2,781097;0,7179022;0,6961465;-4,789903;2,998176;-5,053531;2,87453;-0,6544463;0,6183392;0,242622;1,379632
30,35214;164;-4,712299;2,79308;0,8006573;0,5991578;0;0;-5,0451;2,891903;-0,6319484;0,6213504;0,2333059;1,349656
30,38248;165;-4,694919;2,802976;0,868988;0,4947901;-4,755873;2,835913;-5,057739;2,90433;-0,6319484;0,6213504;0,2432773;1,382518
30,38281;165;-4,676464;2,810683;0,9227514;0,3853559;0;0;-5,045856;2,913113;-0,6062581;0,6191598;0,2339065;1,352333
30,41313;166;-4,657221;2,816136;0,962162;0,2726436;-4,640004;2,087945;-5,057982;2,925496;-0,6062581;0,6191598;0,2439246;1,38524
30,44515;167;-4,637475;2,819313;0,9872913;0,1588583;-4,55364;2,005458;-5,036488;2,899495;-0,5709692;0,596101;0,234498;1,354855
30,4458;167;-4,617496;2,820223;0,99895;0,04550219;0;0;-5,010651;2,87136;-0,5318118;0,5720418;0,2261266;1,326442
30,47999;168;-4,597539;2,818907;0,9978533;-0,06580353;-4,581176;2,283655;-5,021287;2,882801;-0,5318118;0,5720418;0,2358469;1,358698
30,51125;169;-4,577843;2,815434;0,9847879;-0,1736522;0;0;-4,997764;2,867172;-0,495794;0,5557843;0,2273579;1,330034
30,51176;169;-4,558626;2,809892;0,9608507;-0,277102;0;0;-5,007679;2,878287;-0,495794;0,5557843;0,2371615;1,362374
30,54139;170;-4,539513;2,804003;0,9556532;-0,2944469;-4,557651;2,682539;-5,017595;2,889403;-0,495794;0,5557843;0,2474019;1,395498
30,5728;171;-4,520505;2,797782;0,950408;-0,3110528;-4,527728;2,721027;-4,990291;2,890605;-0,4564468;0,5498339;0,2376443;1,364406
30,57307;171;-4,501603;2,791246;0,9450912;-0,3268003;0;0;-4,963416;2,893564;-0,4183545;0,5450105;0,2289902;1,335349
30,60305;172;-4,482808;2,78441;0,9397507;-0,3417969;-4,554907;3,092786;-4,971783;2,904464;-0,4183545;0,5450105;0,2388974;1,367792
30,60335;172;-4,464119;2,777288;0,9344578;-0,356102;0;0;-4,94753;2,92328;-0,3837686;0,5497602;0,2301254;1,338511
30,6363;173;-4,445536;2,769894;0,929141;-0,3697038;-4,512737;2,965228;-4,955206;2,934276;-0,3837686;0,5497602;0,2401026;1,371027
30,67126;174;-4,427057;2,762244;0,9239674;-0,3824949;-4,458669;2,90747;-4,928188;2,946163;-0,3469187;0,5502957;0,2312138;1,34153
30,67167;174;-4,408681;2,754349;0,9187937;-0,3947496;0;0;-4,899662;2,954993;-0,3092048;0,5489898;0,2232983;1,31393
30,70262;175;-4,390407;2,746222;0,9136915;-0,4063487;-4,447076;2,825118;-4,905846;2,965972;-0,3092048;0,5489898;0,2330118;1,345849
30,70297;175;-4,372231;2,737875;0,9088039;-0,4173517;0;0;-4,87717;2,970282;-0,2720276;0,5449865;0,2249308;1,317984
30,7319;176;-4,354153;2,729321;0,9038925;-0,4276991;-4,418859;2,949418;-4,88261;2,981181;-0,2720276;0,5449865;0,2347421;1,35001
30,76046;177;-4,336169;2,720571;0,8992195;-0,4374981;-4,403822;2,951397;-4,852627;2,990201;-0,2341651;0,5438581;0,2264965;1,321888
30,78867;178;-4,318276;2,711635;0,8946419;-0,4467964;-4,328187;2,625565;-4,824186;2,998933;-0,1987113;0,5425699;0,2191303;1,295543
30,78897;178;-4,300472;2,702524;0,8902073;-0,4555583;0;0;-4,792742;2,993508;-0,1607239;0,5327928;0,212523;1,270828
30,81905;179;-4,282753;2,693248;0,8859396;-0,4637957;-4,315681;2,562744;-4,795956;3,004164;-0,1607239;0,5327928;0,2218521;1,301746
30,85077;180;-4,265117;2,683815;0,8817911;-0,4716516;-4,254531;2,235212;-4,764519;2,995581;-0,1234014;0,5212231;0,2150119;1,276687
30,85103;180;-4,24756;2,674237;0,8778572;-0,4788995;0;0;-4,731309;2,973809;-0,08489075;0,5018479;0,2088598;1,253152
30,88085;181;-4,230079;2,664521;0,8740425;-0,4858017;-4,275849;2,424663;-4,733007;2,983845;-0,08489075;0,5018479;0,2180888;1,283696
30,91493;182;-4,21267;2,654675;0,8704662;-0,4922986;-4,159922;2,201214;-4,702329;2,969979;-0,04978962;0,4874438;0,2116774;1,259786
30,91525;182;-4,195331;2,644708;0,8669376;-0,4983544;0;0;-4,666029;2,947619;-0,009266301;0,4680802;0,2058975;1,237307
30,94881;183;-4,178056;2,634628;0,8637667;-0,503993;-4,14269;2,191967;-4,666215;2,956981;-0,009266301;0,4680802;0,2150571;1,267532
30,94917;183;-4,160845;2,624442;0,860548;-0,5092978;0;0;-4,629916;2,934215;0,03054859;0,4486737;0,2089953;1,244648
30,98285;184;-4,143692;2,614157;0,8576393;-0,514257;-4,107731;1,950131;-4,629305;2,943189;0,03054859;0,4486737;0,2183311;1,275101
30,98325;184;-4,126595;2,603781;0,8548498;-0,5187988;0;0;-4,591882;2,91035;0,0708496;0,4233819;0,2119822;1,251812
31,01606;185;-4,109549;2,593318;0,8522987;-0,52315;-4,14662;2,359349;-4,590465;2,918818;0,0708496;0,4233819;0,22148;1,282482
31,05189;186;-4,092548;2,582785;0,8500576;-0,5266547;-4,115287;2,483676;-4,557364;2,903455;0,1056137;0,4089496;0,214842;1,258791
31,05222;186;-4,075547;2,57225;0,8500338;-0,5267501;0;0;-4,524621;2,893995;0,1392618;0,3982598;0,2088587;1,236512
31,08673;187;-4,058547;2,561716;0,8500099;-0,5266905;-4,08681;2,490386;-4,521836;2,90196;0,1392618;0,3982598;0,2182498;1,266867
31,08702;187;-4,041546;2,55118;0,8500576;-0,5268097;0;0;-4,488512;2,892526;0,1728922;0,3877005;0,211961;1,244159
31,11838;188;-4,024547;2,540644;0,8499384;-0,5267978;-4,067596;2,619088;-4,485054;2,90028;0,1728922;0,3877005;0,221513;1,274743
31,16372;189;-4,007547;2,530108;0,8500099;-0,5267978;-4,064362;2,89447;-4,451937;2,895979;0,2056015;0,3803757;0,2149182;1,251608
31,1647;189;-3,990548;2,51957;0,8499503;-0,5268931;0;0;-4,421114;2,903213;0,2350848;0,3801485;0,2089701;1,229839
31,1656;189;-3,973549;2,509033;0,8499503;-0,5268574;0;0;-4,416413;2,910816;0,2350848;0,3801485;0,2184106;1,26013
31,2293;190;-3,956551;2,498494;0,8498907;-0,5269527;-4,061574;2,983344;-4,411711;2,918419;0,2350848;0,3801485;0,2282866;1,29119
31,231;190;-3,939553;2,487956;0,8499026;-0,5268931;0;0;-4,381559;2,928443;0,2632091;0,381623;0,2210279;1,267144
31,23261;190;-3,922555;2,477416;0,8499026;-0,5270004;0;0;-4,376295;2,936076;0,2632091;0,381623;0,2310179;1,298398
31,28549;191;-3,905558;2,466876;0,849843;-0,5270004;-4,000068;2,695121;-4,371031;2,943708;0,2632091;0,381623;0,2414549;1,330433
31,28631;191;-3,888561;2,456335;0,8498549;-0,5270481;0;0;-4,337392;2,940203;0,2944835;0,3748376;0,2327689;1,304001
31,28695;191;-3,871565;2,445794;0,8497953;-0,5270481;0;0;-4,331502;2,9477;0,2944835;0,3748376;0,2432561;1,336172
31,33881;192;-3,854568;2,435252;0,8498549;-0,5271077;-3,96529;2,784975;-4,325613;2,955197;0,2944835;0,3748376;0,2542001;1,369135
31,33935;192;-3,837573;2,42471;0,8497477;-0,5270958;0;0;-4,290895;2,954754;0,3260868;0,3700035;0,2440069;1,340225
31,38758;193;-3,820577;2,414166;0,8498073;-0,5272031;-3,888963;2,716566;-4,284373;2,962154;0,3260868;0,3700035;0,2549356;1,373264
31,38855;193;-3,803582;2,403623;0,8497477;-0,5271435;0;0;-4,246142;2,95822;0,3607022;0,3631074;0,2446133;1,344063
31,38897;193;-3,786588;2,393079;0,8497;-0,5272031;0;0;-4,238928;2,965482;0,3607022;0,3631074;0,2555227;1,377171
31,46808;194;-3,769593;2,382534;0,8497477;-0,5272508;-3,824516;2,267482;-4,231715;2,972744;0,3607022;0,3631074;0,2668955;1,411081
31,46844;194;-3,752599;2,371989;0,8497;-0,5272508;0;0;-4,190496;2,947246;0,3975618;0,3432064;0,2550441;1,379328
31,46869;194;-3,735606;2,361442;0,8496523;-0,5273461;0;0;-4,182545;2,95411;0,3975618;0,3432064;0,2663337;1,413247
31,469;194;-3,718613;2,350896;0,8496523;-0,5273104;0;0;-4,174593;2,960974;0,3975618;0,3432064;0,2780932;1,447976
31,51235;195;-3,701618;2,340351;0,8497477;-0,5272388;-3,721818;2,076153;-4,166642;2,967839;0,3975618;0,3432064;0,2903322;1,483527
31,51349;195;-3,684621;2,32981;0,849843;-0,52706;0;0;-4,118607;2,931374;0,4404687;0,3169796;0,2752541;1,446617
31,55405;196;-3,667609;2,319295;0,850606;-0,5257487;-3,711216;2,351761;-4,109798;2,937714;0,4404687;0,3169796;0,2872775;1,482053
31,55486;196;-3,65058;2,308806;0,8514524;-0,5244493;0;0;-4,065578;2,915521;0,4781231;0,2997463;0,2725485;1,445177
31,60684;197;-3,633534;2,298345;0,8522987;-0,5230427;-3,71302;2,757626;-4,056015;2,921516;0,4781231;0,2997463;0,2843763;1,480501
31,60725;197;-3,616469;2,287915;0,8532524;-0,5215049;0;0;-4,016446;2,919336;0,50985;0,2948185;0,2699819;1,443667
31,60752;197;-3,599384;2,277518;0,8542418;-0,5198479;0;0;-4,006249;2,925232;0,50985;0,2948185;0,2816329;1,478883
31,65883;198;-3,582278;2,267155;0,8553028;-0,5181551;-3,655176;2,553986;-3,996052;2,931129;0,50985;0,2948185;0,2937566;1,514924
31,65928;198;-3,56515;2,256828;0,8563995;-0,5163431;0;0;-3,955215;2,918186;0,5419807;0,2834996;0,2779754;1,475476
31,72052;199;-3,548;2,246539;0,8574963;-0,5144477;-3,611481;2,755089;-3,944375;2,923856;0,5419807;0,2834996;0,28987;1,511348
31,72111;199;-3,530826;2,236289;0,8587003;-0,5125046;0;0;-3,904059;2,920966;0,5727329;0,2783682;0,2745781;1,472089
31,72147;199;-3,513628;2,226079;0,8599043;-0,5105019;0;0;-3,892605;2,926534;0,5727329;0,2783682;0,2862688;1,5078
31,77479;200;-3,496406;2,215912;0,8610964;-0,5083442;-3,568482;2,597711;-3,88115;2,932101;0,5727329;0,2783682;0,2984312;1,54434
31,77519;200;-3,479157;2,205788;0,8624554;-0,5062103;0;0;-3,841396;2,920642;0,6020433;0,268196;0,2818493;1,502499
31,77543;200;-3,461883;2,195709;0,8636951;-0,5039454;0;0;-3,829355;2,926006;0,6020433;0,268196;0,2937603;1,538819
31,81525;201;-3,444582;2,185676;0,8650541;-0,5016446;-3,502571;2,540487;-3,817315;2,93137;0,6020433;0,268196;0,3061466;1,575974
31,81567;201;-3,427253;2,17569;0,8664489;-0,4993081;0;0;-3,776179;2,916505;0,6319516;0,2561558;0,2883545;1,531575
31,8585;202;-3,409897;2,165752;0,8677959;-0,4969001;-3,4935;2,774093;-3,76354;2,921628;0,6319516;0,2561558;0,3004465;1,568454
31,85883;202;-3,392512;2,155864;0,8692503;-0,4943967;0;0;-3,726581;2,918993;0,6568386;0,2515501;0,2834426;1,52455
31,89343;203;-3,375099;2,146026;0,870657;-0,4919052;-3,388662;1,983362;-3,713444;2,924024;0,6568386;0,2515501;0,2952777;1,561168
31,89381;203;-3,357657;2,136239;0,8720994;-0,4893422;0;0;-3,671326;2,881211;0,686395;0,2232109;0,2789817;1,517746
31,92893;204;-3,340186;2,126505;0,8735418;-0,4867077;-3,347857;1,589265;-3,657598;2,885675;0,686395;0,2232109;0,2905929;1,554119
31,9294;204;-3,322685;2,116823;0,8750558;-0,484097;0;0;-3,616742;2,824612;0,7139934;0,1844775;0,2749338;1,511165
31,972;205;-3,305155;2,107196;0,8764982;-0,4813433;-3,308125;2,108186;-3,602463;2,828301;0,7139934;0,1844775;0,2863504;1,547306
31,97245;205;-3,287595;2,097623;0,8780003;-0,4786491;0;0;-3,56286;2,795685;0,7397143;0,163057;0,2712647;1,504809
32,01934;206;-3,270005;2,088106;0,8795023;-0,4758596;-3,279521;1,822101;-3,548065;2,798946;0,7397143;0,163057;0,2825127;1,540732
32,02061;206;-3,252384;2,078644;0,881052;-0,473094;0;0;-3,510607;2,753245;0,7627139;0,134218;0,2679436;1,498676
32,06922;207;-3,234733;2,069239;0,8825421;-0,4702568;-3,256737;1,612493;-3,495353;2,755929;0,7627139;0,134218;0,279046;1,534394
32,06975;207;-3,217052;2,059891;0,8840561;-0,4673958;0;0;-3,460373;2,701584;0,7827281;0,1006768;0,2649424;1,492767
32,07008;207;-3,199341;2,050602;0,8855462;-0,4644513;0;0;-3,444718;2,703597;0,7827281;0,1006768;0,2759198;1,528292
32,11874;208;-3,181599;2,04137;0,8871078;-0,4616022;-3,251479;2,137553;-3,429064;2,705611;0,7827281;0,1006768;0,2873541;1,564639
32,11918;208;-3,163826;2,032197;0,8886456;-0,4586458;0;0;-3,398721;2,678729;0,797621;0,08372162;0,2721111;1,520624
32,16644;209;-3,146024;2,023083;0,8901;-0,4557014;-3,184917;2,090546;-3,382769;2,680403;0,797621;0,08372162;0,2833757;1,556725
32,16707;209;-3,12819;2,014029;0,8916974;-0,4526973;0;0;-3,350526;2,65224;0,814131;0,06624068;0,2686746;1,513266
32,1678;209;-3,110327;2,005035;0,8931518;-0,4497051;0;0;-3,334243;2,653564;0,814131;0,06624068;0,2797931;1,549137
32,20656;210;-3,092433;1,996101;0,8947015;-0,4466951;-3,14956;2,151958;-3,317961;2,654889;0,814131;0,06624068;0,2913724;1,585834
32,20719;210;-3,074509;1,987228;0,8962035;-0,4436493;0;0;-3,287706;2,630328;0,8282776;0,05111166;0,2755525;1,54003
32,24874;211;-3,056556;1,978415;0,897646;-0,4406512;-3,09684;2,229265;-3,27114;2,631351;0,8282776;0,05111166;0,286942;1,576445
32,24914;211;-3,038572;1,969664;0,8991957;-0,4375517;0;0;-3,240288;2,611797;0,8427338;0,03910492;0,2717337;1,531322
32,29399;212;-3,020559;1,960973;0,90065;-0,4345477;-3,098245;2,340659;-3,223433;2,612579;0,8427338;0,03910492;0,2829598;1,567474
32,29454;212;-3,002516;1,952344;0,9021521;-0,4314542;0;0;-3,19689;2,599517;0,8525369;0,03103765;0,2682983;1,523002
32,33323;213;-2,984444;1,943777;0,9036064;-0,4283488;-3,048115;2,022755;-3,179839;2,600137;0,8525369;0,03103765;0,2793842;1,55891
32,33352;213;-2,966343;1,935271;0,9050488;-0,425297;0;0;-3,152651;2,571568;0,8628001;0,01404786;0,2652119;1,51506
32,36603;214;-2,948213;1,926827;0,9064913;-0,4222035;-2,980794;1,899781;-3,135395;2,571849;0,8628001;0,01404786;0,2761781;1,55074
32,36647;214;-2,930054;1,918445;0,9079576;-0,4190981;0;0;-3,106124;2,538345;0,8749769;-0,005596997;0,2624438;1,507484
32,40104;215;-2,911867;1,910125;0,9093523;-0,4159987;-2,96249;1,860325;-3,088624;2,538233;0,8749769;-0,005596997;0,2733082;1,542952
32,43843;216;-2,893651;1,901867;0,9107947;-0,4128993;-2,881044;1,989729;-3,061711;2,504225;0,884531;-0,02529036;0,2599659;1,500264
32,43871;216;-2,875408;1,89367;0,9121537;-0,4098535;0;0;-3,030529;2,478692;0,8982411;-0,03982838;0,2483329;1,460767
32,47276;217;-2,857137;1,885535;0,9135485;-0,4067481;-2,8725;1,984494;-3,012565;2,477895;0,8982411;-0,03982838;0,2586481;1,495108
32,47308;217;-2,838839;1,877462;0,9148955;-0,4036486;0;0;-2,984538;2,453191;0,9085026;-0,05371573;0,2472108;1,455989
32,50825;218;-2,820513;1,869451;0,9163022;-0,4005492;-2,843046;1,56969;-2,966368;2,452117;0,9085026;-0,05371573;0,2575166;1,490218
32,50859;218;-2,802161;1,861502;0,9176016;-0,3974497;0;0;-2,939567;2,408401;0,9173363;-0,07848731;0,2462505;1,451459
32,54706;219;-2,783764;1,853657;0,9198546;-0,3922522;-2,81958;1,816156;-2,92122;2,406831;0,9173363;-0,07848731;0,2565525;1,485586
32,54761;219;-2,765322;1,845917;0,9220958;-0,387001;0;0;-2,896059;2,376843;0,924334;-0,09499887;0,2454354;1,44717
32,60088;220;-2,746838;1,83828;0,9241939;-0,3818512;-2,771739;2,027414;-2,877573;2,374943;0,924334;-0,09499887;0,2557385;1,481202
32,60135;220;-2,728311;1,830746;0,9263515;-0,3766954;0;0;-2,85196;2,356417;0,9316754;-0,1046616;0,2447504;1,443113
32,64989;221;-2,709743;1,823313;0,9284019;-0,3716528;-2,691905;1,909126;-2,833326;2,354324;0,9316754;-0,1046616;0,2550583;1,47706
32,65026;221;-2,691136;1,815982;0,930357;-0,3665507;0;0;-2,804698;2,330973;0,9420035;-0,1170206;0,2441813;1,43928
32,65051;221;-2,672489;1,80875;0,9323478;-0,3615975;0;0;-2,785858;2,328632;0,9420035;-0,1170206;0,254497;1,473149
32,70129;222;-2,653804;1,801617;0,9342432;-0,3566504;-2,6993;2,118459;-2,767018;2,326292;0,9420035;-0,1170206;0,2652644;1,507821
32,7016;222;-2,635082;1,794583;0,9361029;-0,3517032;0;0;-2,744054;2,313897;0,9462786;-0,1228669;0,2531607;1,467798
32,74143;223;-2,616324;1,787646;0,9379029;-0,3468454;-2,673186;2,004405;-2,725128;2,31144;0,9462786;-0,1228669;0,2638828;1,502341
32,74173;223;-2,59753;1,780805;0,939703;-0,3420532;0;0;-2,703429;2,294132;0,9491558;-0,1315019;0,2519633;1,462722
32,78281;224;-2,578702;1,774059;0,9413958;-0,3372967;-2,620663;1,8442;-2,684446;2,291502;0,9491558;-0,1315019;0,262647;1,497145
32,78326;224;-2,55984;1,767408;0,9431005;-0,3325522;0;0;-2,661717;2,267262;0,953048;-0,144068;0,2508931;1,45791
32,78352;224;-2,540946;1,760851;0,9446979;-0,3278494;0;0;-2,642656;2,264381;0,953048;-0,144068;0,2615445;1,492223
32,82637;225;-2,522019;1,754386;0,9463549;-0,3232539;-2,559031;1,546937;-2,623595;2,2615;0,953048;-0,144068;0,272655;1,527346
32,82676;225;-2,503062;1,748014;0,947845;-0,3185987;0;0;-2,600596;2,22337;0,9571411;-0,164562;0,2596352;1,485861
32,87261;226;-2,484074;1,741732;0,9493947;-0,3140986;-2,525747;1,150662;-2,581453;2,220078;0,9571411;-0,164562;0,2706595;1,520823
32,87305;226;-2,465057;1,73554;0,950861;-0,3095984;0;0;-2,559167;2,164198;0,9604074;-0,1951303;0,2578953;1,479819
32,9243;227;-2,446011;1,729436;0,9522915;-0,3051996;-2,456722;1,757959;-2,539959;2,160295;0,9604074;-0,1951303;0,2688439;1,514631
32,92482;227;-2,426937;1,723421;0,9536982;-0,3007531;0;0;-2,51528;2,136815;0,9660921;-0,2065087;0,2563128;1,474085
32,9252;227;-2,407835;1,717493;0,9551048;-0,296396;0;0;-2,495958;2,132685;0,9660921;-0,2065087;0,2671951;1,508758
32,97455;228;-2,388707;1,711652;0,9564042;-0,2920508;-2,440402;1,606382;-2,476636;2,128555;0,9660921;-0,2065087;0,2785408;1,544246
32,9749;228;-2,369554;1,705895;0,957644;-0,2878547;0;0;-2,455822;2,098498;0,9676417;-0,2215712;0,2647367;1,501455
33,01302;229;-2,350375;1,700223;0,9589553;-0,2835989;-2,378451;1,753761;-2,436469;2,094066;0,9676417;-0,2215712;0,2759629;1,536754
33,01349;229;-2,331172;1,694634;0,9601474;-0,2794504;0;0;-2,413733;2,072902;0,9711508;-0,231288;0,26249;1,494519
33,061;230;-2,311944;1,689128;0,9613991;-0,275296;-2,346288;1,757319;-2,39431;2,068277;0,9711508;-0,231288;0,273611;1,529642
33,06139;230;-2,292694;1,683703;0,9624958;-0,2712548;0;0;-2,372405;2,048458;0,9737247;-0,2401089;0,2604404;1,487935
33,11139;231;-2,273422;1,678359;0,9636045;-0,2671957;-2,298795;1,76665;-2,35293;2,043655;0,9737247;-0,2401089;0,2714691;1,522896
33,11193;231;-2,254127;1,673095;0,9647489;-0,2632022;0;0;-2,330468;2,025409;0,9768208;-0,2479132;0,2585742;1,481692
33,11238;231;-2,234811;1,667909;0,9657979;-0,2592981;0;0;-2,310932;2,020451;0,9768208;-0,2479132;0,2695221;1,516502
33,15158;232;-2,215474;1,662802;0,9668589;-0,2553523;-2,281315;2,130475;-2,291395;2,015493;0,9768208;-0,2479132;0,2809337;1,552129
33,15191;232;-2,196117;1,657771;0,9678483;-0,2515495;0;0;-2,2727;2,016566;0,9759504;-0,2444132;0,2667795;1,508694
33,20152;233;-2,17674;1,652816;0,9688497;-0,2477467;-2,231961;1,563256;-2,253181;2,011678;0,9759504;-0,2444132;0,2780581;1,54412
33,20211;233;-2,157345;1,647937;0,9697437;-0,2439499;0;0;-2,233512;1,984594;0,9761053;-0,2572873;0,2642773;1,501284
33,24731;234;-2,137931;1,643131;0,9706974;-0,2403021;-2,15967;1,923697;-2,21399;1,979448;0,9761053;-0,2572873;0,2754392;1,536524
33,24809;234;-2,118498;1,6384;0,9716511;-0,236553;0;0;-2,191429;1,971782;0,979246;-0,258749;0,2619983;1,494257
33,24847;234;-2,099049;1,63374;0,9724498;-0,2330005;0;0;-2,171844;1,966607;0,979246;-0,258749;0,273058;1,529324
33,28667;235;-2,079582;1,629152;0,9733558;-0,2293944;-2,143246;1,515932;-2,152259;1,961432;0,979246;-0,258749;0,2845832;1,565212
33,28701;235;-2,060099;1,624635;0,9741545;-0,2258539;0;0;-2,133625;1,933936;0,9782646;-0,271685;0,2699008;1,520726
33,32738;236;-2,0406;1,620188;0,9749413;-0,2223492;-2,114208;1,478446;-2,11406;1,928503;0,9782646;-0,271685;0,2812729;1,556391
33,32777;236;-2,021085;1,61581;0,9757519;-0,2188981;0;0;-2,096249;1,900652;0,9764562;-0,2846712;0,2670267;1,512571
33,36916;237;-2,001555;1,6115;0,9765029;-0,2155006;-2,034531;1,455533;-2,07672;1,894958;0,9764562;-0,2846712;0,2782649;1,548029
33,37002;237;-1,98201;1,607257;0,977248;-0,2121508;0;0;-2,055194;1,867508;0,9785129;-0,2972706;0,2644141;1,504841
33,42739;238;-1,962451;1,60308;0,9779513;-0,2088487;-1,991456;1,370733;-2,035624;1,861563;0,9785129;-0,2972706;0,2755354;1,540107
33,42768;238;-1,942878;1,598969;0,9786487;-0,2055526;0;0;-2,013905;1,831413;0,9807249;-0,3112848;0,2620433;1,497517
33,42789;238;-1,923291;1,594923;0,979352;-0,2022982;0;0;-1,99429;1,825188;0,9807249;-0,3112848;0,2730629;1,532607
33,47207;239;-1,903692;1,59094;0,979948;-0,199151;-1,94174;1,597861;-1,974676;1,818962;0,9807249;-0,3112848;0,2845464;1,568518
33,4724;239;-1,88408;1,587021;0,9805977;-0,1959503;0;0;-1,953863;1,801822;0,9819571;-0,3176011;0,2698346;1,523728
33,51147;240;-1,864455;1,583164;0,9812534;-0,1928508;-1,883048;1,598761;-1,934224;1,79547;0,9819571;-0,3176011;0,2811666;1,559412
33,51195;240;-1,844819;1,579368;0,9818017;-0,1897991;0;0;-1,911779;1,779503;0,98484;-0,3231634;0,266904;1,515314
33,55325;241;-1,825164;1,575669;0,9827495;-0,1849473;-1,848104;1,733176;-1,892082;1,77304;0,98484;-0,3231634;0,2781037;1,550788
33,55359;241;-1,805491;1,572066;0,9836495;-0,180155;0;0;-1,870247;1,764899;0,9870366;-0,3241341;0,2642472;1,507345
33,60919;242;-1,785801;1,568556;0,9844959;-0,1754999;-1,836768;1,621162;-1,850506;1,758416;0,9870366;-0,3241341;0,275332;1,542625
33,60949;242;-1,766096;1,565139;0,9852529;-0,1708448;0;0;-1,831289;1,745396;0,9864986;-0,3279149;0,2618427;1,499803
33,60974;242;-1,746374;1,561813;0,9860992;-0,1663029;0;0;-1,811559;1,738837;0,9864986;-0,3279149;0,272828;1,534904
33,65377;243;-1,726638;1,558577;0,9868026;-0,1618028;-1,784057;1,439884;-1,791829;1,732279;0,9864986;-0,3279149;0,2842765;1,570827
33,65417;243;-1,706887;1,555429;0,9875476;-0,157398;0;0;-1,773174;1,711183;0,9853957;-0,3363192;0,2695813;1,525819
33,70885;244;-1,687123;1,552368;0,9882033;-0,1530468;-1,734721;1,363156;-1,753466;1,704456;0,9853957;-0,3363192;0,2808808;1,561513
33,71019;244;-1,667345;1,549392;0,9888947;-0,148803;0;0;-1,733843;1,680809;0,9853078;-0,3460977;0,2666392;1,517216
33,71085;244;-1,647555;1,546501;0,9895027;-0,1445472;0;0;-1,714137;1,673887;0,9853078;-0,3460977;0,2778092;1,552698
33,75388;245;-1,627753;1,543692;0,9900987;-0,1404524;-1,727771;1,1365;-1,694431;1,666965;0,9853078;-0,3460977;0,289446;1,589007
33,75435;245;-1,60794;1,540965;0,990653;-0,1363516;0;0;-1,67957;1,633124;0,9803451;-0,3616445;0,2740153;1,542538
33,80618;246;-1,588116;1,538319;0,9911954;-0,1322985;-1,64111;1,178939;-1,659963;1,625891;0,9803451;-0,3616445;0,2854745;1,578585
33,80661;246;-1,568282;1,535751;0,9917021;-0,1284003;0;0;-1,640424;1,59619;0,9802756;-0,3746141;0,2705819;1,532919
33,80686;246;-1,548437;1,533261;0,9922504;-0,1245022;0;0;-1,620819;1,588697;0,9802756;-0,3746141;0,2818867;1,568725
33,86739;247;-1,528583;1,530848;0,9926975;-0,1206458;-1,571034;1,513843;-1,601213;1,581205;0,9802756;-0,3746141;0,2936607;1,605361
33,86799;247;-1,50872;1,52851;0,9931505;-0,1169026;0;0;-1,580629;1,570605;0,9812747;-0,3764068;0,2776057;1,557543
33,86832;247;-1,488849;1,526245;0,9935498;-0,1132488;0;0;-1,561004;1,563076;0,9812747;-0,3764068;0,2891789;1,593889
33,92191;248;-1,468969;1,524054;0,9940028;-0,1095474;-1,520977;1,849927;-1,541378;1,555548;0,9812747;-0,3764068;0,3012264;1,631071
33,92304;248;-1,449082;1,521935;0,9943485;-0,1059532;0;0;-1,521679;1,563932;0,9813495;-0,367242;0,2840503;1,58113
33,98219;249;-1,429187;1,519886;0,9947479;-0,1024485;-1,492731;1,650513;-1,502052;1,556587;0,9813495;-0,367242;0,2958534;1,617975
33,98377;249;-1,409285;1,517906;0,9951055;-0,09900331;0;0;-1,483385;1,554539;0,9803741;-0,364194;0,279434;1,569066
33,98524;249;-1,389377;1,515995;0,9953976;-0,09554625;0;0;-1,463778;1,547255;0,9803741;-0,364194;0,2910254;1,605599
34,04605;250;-1,369462;1,514151;0,9957492;-0,09220243;-1,436525;1,820945;-1,44417;1,539971;0,9803741;-0,364194;0,3030909;1,64297
34,04742;250;-1,349541;1,512373;0,9960532;-0,08890033;0;0;-1,425702;1,547984;0,9792201;-0,3554033;0,285592;1,591975
34,0484;250;-1,329615;1,51066;0,9962976;-0,08564591;0;0;-1,406117;1,540876;0,9792201;-0,3554033;0,2974041;1,628987
34,04906;250;-1,309683;1,50901;0,9966016;-0,08250475;0;0;-1,386533;1,533768;0,9792201;-0,3554033;0,3096943;1,666843
34,10419;251;-1,289746;1,507424;0,996846;-0,07929802;-1,359019;1,583779;-1,366948;1,52666;0,9792201;-0,3554033;0,3224724;1,705552
34,10474;251;-1,269804;1,505899;0,9971023;-0,07625222;0;0;-1,348537;1,523082;0,9780384;-0,3533798;0,3019543;1,649189
34,10503;251;-1,249858;1,504435;0,997299;-0,07320046;0;0;-1,328976;1,516015;0,9780384;-0,3533798;0,3143615;1,68742
34,19424;252;-1,229907;1,503031;0,9975493;-0,07019639;-1,302778;1,468115;-1,309416;1,508947;0,9780384;-0,3533798;0,3272578;1,726507
34,19463;252;-1,209953;1,501686;0,9977043;-0,06725192;0;0;-1,291173;1,500002;0,9767185;-0,3544531;0,3059158;1,668232
34,1949;252;-1,189994;1,500398;0,9979486;-0,06439686;0;0;-1,271638;1,492913;0,9767185;-0,3544531;0,3184136;1,706802
34,19518;252;-1,170032;1,499168;0,9980977;-0,06150007;0;0;-1,252104;1,485824;0,9767185;-0,3544531;0,3314014;1,746231
34,25412;253;-1,150066;1,497993;0,9983003;-0,0587523;0;0;-1,23257;1,478735;0,9767185;-0,3544531;0,3448889;1,78653
34,25469;253;-1,130098;1,496873;0,9984016;-0,05599856;0;0;-1,213035;1,471646;0,9767185;-0,3544531;0,3588857;1,827707
34,25525;253;-1,110126;1,495807;0,9985983;-0,05329847;0;0;-1,193501;1,464557;0,9767185;-0,3544531;0,3734014;1,869773
34,30446;254;-1,090152;1,494794;0,9986997;-0,05065203;0;0;-1,173967;1,457468;0,9767185;-0,3544531;0,3884456;1,912736
34,30505;254;-1,070175;1,493834;0,9988487;-0,04799962;0;0;-1,154432;1,450379;0,9767185;-0,3544531;0,4040278;1,956607
34,30534;254;-1,050196;1,492925;0,99895;-0,04544854;0;0;-1,134898;1,44329;0,9767185;-0,3544531;0,4201578;2,001395
34,35842;255;-1,030214;1,492066;0,999105;-0,04295111;-1,104538;1,665951;-1,115363;1,436201;0,9767185;-0,3544531;0,4368449;2,047109
34,35888;255;-1,010231;1,491257;0,9991467;-0,04045367;0;0;-1,096974;1,444563;0,9756129;-0,3457595;0,3944001;1,957165
34,41471;256;-0,9902449;1,490496;0,9993047;-0,03804564;-1,022638;1,532819;-1,077462;1,437647;0,9756129;-0,3457595;0,4099024;2,00167
34,4158;256;-0,9702576;1,489784;0,9993672;-0,03560185;0;0;-1,053559;1,437253;0,9798176;-0,3421049;0,3729885;1,916332
34,4164;256;-0,9502687;1,489119;0,9994447;-0,03324747;0;0;-1,033963;1,430411;0,9798176;-0,3421049;0,3875351;1,959741
34,47132;257;-0,9302783;1,4885;0,9995192;-0,03095269;-0,9641786;1,690998;-1,014367;1,423569;0,9798176;-0,3421049;0,4026036;2,004056
34,47207;257;-0,9102865;1,487926;0,9995908;-0,02869964;0;0;-0,9910274;1,434264;0,9833682;-0,3323288;0,3670381;1,918254
34,47247;257;-0,8902935;1,487397;0,9996504;-0,02645254;0;0;-0,97136;1,427618;0,9833682;-0,3323288;0,3812192;1,961475
34,52593;258;-0,8702994;1,486912;0,999704;-0,02424717;-0,9094345;1,509171;-0,9516926;1,420971;0,9833682;-0,3323288;0,3959141;2,005599
34,5263;258;-0,8503043;1,486471;0,9997547;-0,02204776;0;0;-0,9293025;1,420393;0,9859318;-0,3289628;0,3615801;1,919434
34,52656;258;-0,8303083;1,486071;0,9997994;-0,02000332;0;0;-0,9095839;1,413814;0,9859318;-0,3289628;0,3754477;1,962467
34,57316;259;-0,8103137;1,485605;0,9997308;-0,02329946;-0,9393567;0,8518478;-0,8898652;1,407235;0,9859318;-0,3289628;0,3898229;2,0064
34,57346;259;-0,7903208;1,485074;0,9996444;-0,02654791;0;0;-0,8783736;1,365532;0,9782304;-0,3483547;0,356607;1,919965
34,62193;260;-0,7703297;1,484478;0,999555;-0,02980232;-0,7699044;1,76856;-0,8588089;1,358565;0,9782304;-0,3483547;0,3702078;1,962811
34,62235;260;-0,7503405;1,48382;0,9994596;-0,03290176;0;0;-0,8313703;1,377738;0,9855849;-0,3339611;0,34067;1,880759
34,67132;261;-0,7303534;1,483101;0,9993553;-0,03594756;-0,7450573;1,625027;-0,8116586;1,371059;0,9855849;-0,3339611;0,3536397;1,922623
34,67162;261;-0,7103686;1,482321;0,9992421;-0,03899932;0;0;-0,7868347;1,380406;0,9903581;-0,3251557;0,3270773;1,844532
34,67193;261;-0,6903862;1,481483;0,9991199;-0,04190207;0;0;-0,7670276;1,373902;0,9903581;-0,3251557;0,3395306;1,885505
34,71917;262;-0,6704062;1,480588;0,9989977;-0,04475117;-0,7152348;1,675183;-0,7472204;1,367399;0,9903581;-0,3251557;0,3524664;1,927354
34,7203;262;-0,6504288;1,479637;0,9988725;-0,04754663;0;0;-0,7260894;1,380263;0,9915953;-0,3145436;0,3261194;1,848685
34,77098;263;-0,6304542;1,47863;0,9987295;-0,050354;-0,6315898;2,140256;-0,7062575;1,373973;0,9915953;-0,3145436;0,3385485;1,889638
34,77132;263;-0,6104823;1,47757;0,9985954;-0,05299449;0;0;-0,680675;1,414413;0,9969776;-0,2889763;0,3146041;1,814636
34,77153;263;-0,5905132;1,476458;0,9984523;-0,05560517;0;0;-0,6607355;1,408633;0,9969776;-0,2889763;0,3266173;1,854778
34,82038;264;-0,5705472;1,475294;0,9983003;-0,05819798;0;0;-0,6407959;1,402854;0,9969776;-0,2889763;0,3391074;1,895786
34,82112;264;-0,550584;1,47408;0,9981602;-0,06070137;0;0;-0,6208564;1,397074;0,9969776;-0,2889763;0,3520841;1,93767
34,87247;265;-0,530624;1,472816;0,9980023;-0,0631988;-0,514609;1,981751;-0,6009169;1,391295;0,9969776;-0,2889763;0,365557;1,980439
34,87307;265;-0,510667;1,471505;0,9978473;-0,06554723;0;0;-0,5735239;1,423201;1,003966;-0,2684422;0,3369122;1,896169
34,87335;265;-0,4907132;1,470146;0,9976909;-0,06795526;0;0;-0,5534446;1,417832;1,003966;-0,2684422;0,3497926;1,937935
34,92429;266;-0,4707626;1,468742;0,9975299;-0,07019639;-0,5035011;1,580558;-0,5333652;1,412463;1,003966;-0,2684422;0,363168;1,980585
34,92462;266;-0,4508152;1,467292;0,9973705;-0,07250309;0;0;-0,5121934;1,418058;1,00499;-0,2624848;0,3349505;1,89619
34,92485;266;-0,4308711;1,465798;0,9972051;-0,07469654;0;0;-0,4920936;1,412809;1,00499;-0,2624848;0,3477516;1,93784
34,97571;267;-0,4109302;1,464262;0,9970456;-0,07680058;-0,4981743;1,220365;-0,4719938;1,407559;1,00499;-0,2624848;0,361047;1,980373
34,97607;267;-0,3909926;1,462683;0,9968787;-0,07895231;0;0;-0,4570344;1,390811;1,000172;-0,2687167;0,3332117;1,895901
35,02445;268;-0,3710584;1,461062;0,9967104;-0,0810504;0;0;-0,4370309;1,385437;1,000172;-0,2687167;0,3459486;1,93744
35,02478;268;-0,3511274;1,459402;0,9965509;-0,08299947;0;0;-0,4170275;1,380062;1,000172;-0,2687167;0,3591793;1,97986
35,025;268;-0,3311998;1,457701;0,9963796;-0,08504987;0;0;-0,3970241;1,374688;1,000172;-0,2687167;0,3729132;2,023171
35,0785;269;-0,3112756;1,455962;0,9962097;-0,08695126;-0,3547001;1,413747;-0,3770206;1,369314;1,000172;-0,2687167;0,3871602;2,067382
35,07883;269;-0,2913547;1,454186;0,9960458;-0,088799;0;0;-0,3567434;1,367216;1,000428;-0,2669493;0,3544426;1,973534
35,13596;270;-0,271437;1,452372;0,9958848;-0,09070039;-0,2520241;1,855651;-0,3367349;1,361877;1,000428;-0,2669493;0,3679514;2,01656
35,13673;270;-0,2515228;1,450522;0,995709;-0,09250045;0;0;-0,3094187;1,388615;1,007256;-0,2496786;0,3388281;1,928059
35,13721;270;-0,2316119;1,448637;0,9955459;-0,09424686;0;0;-0,2892736;1,383622;1,007256;-0,2496786;0,3517361;1,970021
35,19597;271;-0,2117043;1,446716;0,9953797;-0,09605289;-0,2237931;1,747804;-0,2691284;1,378628;1,007256;-0,2496786;0,3651418;2,012869
35,19705;271;-0,1917999;1,444762;0,9952202;-0,09769797;0;0;-0,2461576;1,39764;1,009896;-0,2367827;0,3365332;1,924669
35,19793;271;-0,1718989;1,442775;0,9950497;-0,09934902;0;0;-0,2259596;1,392904;1,009896;-0,2367827;0,3493584;1,966466
35,25976;272;-0,1520012;1,440755;0,994885;-0,1010001;-0,1779399;1,769518;-0,2057617;1,388168;1,009896;-0,2367827;0,3626803;2,009146
35,26015;272;-0,1321067;1,438704;0,9947248;-0,1025498;0;0;-0,1847136;1,408158;1,010692;-0,2235255;0,3345248;1,92126
35,26043;272;-0,1122154;1,436621;0,9945654;-0,1041532;0;0;-0,1644998;1,403688;1,010692;-0,2235255;0,3472836;1,962902
35,31816;273;-0,0923274;1,434507;0,9944;-0,1056969;-0,1180779;1,460179;-0,144286;1,399217;1,010692;-0,2235255;0,3605385;2,005426
35,31892;273;-0,07244257;1,432364;0,9942417;-0,1071513;0;0;-0,1234072;1,39893;1,011314;-0,2212866;0,3327795;1,917863
35,3194;273;-0,0525609;1,430192;0,9940835;-0,1085997;0;0;-0,103181;1,394504;1,011314;-0,2212866;0,345486;1,959361
35,37611;274;-0,03268238;1,427991;0,9939259;-0,1100481;-0,1145453;1,200086;-0,08295468;1,390078;1,011314;-0,2212866;0,3586884;2,001741
35,37645;274;-0,01280698;1,425762;0,9937701;-0,1114488;0;0;-0,06845027;1,37381;1,00595;-0,2276158;0,3312744;1,914505
35,37669;274;0,007065326;1,423505;0,9936153;-0,1128554;0;0;-0,04833127;1,369258;1,00595;-0,2276158;0,3439407;1,95587
35,43171;275;0,02693456;1,421222;0,9934617;-0,1141489;-0,1346505;0,8568663;-0,02821227;1,364706;1,00595;-0,2276158;0,3571027;1,998116
35,43345;275;0,04680075;1,418913;0,9933096;-0,1154482;0;0;-0,02201401;1,32809;0,9928809;-0,2447305;0,3299869;1,911209
35,43433;275;0,06666394;1,416577;0,9931596;-0,1168013;0;0;-0,002156396;1,323196;0,9928809;-0,2447305;0,3426231;1,952452
35,49085;276;0,08652414;1,414217;0,9930097;-0,1179993;0,004562004;1,284778;0,01770122;1,318301;0,9928809;-0,2447305;0,3557552;1,994574
35,49184;276;0,1063814;1,411831;0,9928633;-0,1192987;0;0;0,03394134;1,311586;0,9894794;-0,2457014;0,3288953;1,907995
