(0; 0; 0)
(-0,001986138; 0,0001000166; 0,0004656776)
(-0,004010431; 0,0001233816; 0,000943835)
(-0,00607286; 0,0001606941; 0,001434537)
(-0,008173402; 0,0002205372; 0,001937849)
(-0,01031204; 0,0001000166; 0,002453829)
(-0,01248874; 0,0001232624; 0,00298258)
(-0,01470348; 0,0001604557; 0,003524167)
(-0,01695625; 9,989738E-05; 0,004078642)
(-0,019247; 0,0001000166; 0,004646117)
(-0,02157573; 0,0001000166; 0,005226657)
(-0,02394241; 9,989738E-05; 0,005820322)
(-0,02634701; 0,0001000166; 0,006427166)
(-0,02878953; 0,0001000166; 0,007047236)
(-0,03126995; 9,989738E-05; 0,007680577)
(-0,03378825; 0,0001000166; 0,008327231)
(-0,03634442; 0,0001000166; 0,008987234)
(-0,03893844; 9,989738E-05; 0,009660624)
(-0,0415703; 0,0001000166; 0,01034743)
(-0,04423999; 0,0001000166; 0,0110477)
(-0,04694749; 9,989738E-05; 0,01176144)
(-0,04969279; 0,0001000166; 0,0124887)
(-0,05247589; 0,0001000166; 0,01322949)
(-0,05529677; 9,989738E-05; 0,01398384)
(-0,05815542; 0,0001000166; 0,01475178)
(-0,06105183; 0,0001000166; 0,01553332)
(-0,06398599; 9,989738E-05; 0,0163285)
(-0,06695789; 0,0001000166; 0,01713732)
(-0,06996753; 0,0001000166; 0,01795981)
(-0,07301489; 9,989738E-05; 0,01879599)
(-0,07609997; 0,0001000166; 0,01964586)
(-0,07922276; 0,0001000166; 0,02050945)
(-0,08238325; 9,989738E-05; 0,02138677)
(-0,08558144; 0,0001000166; 0,02227783)
(-0,08881732; 0,0001000166; 0,02318265)
(-0,09209088; 9,989738E-05; 0,02410123)
(-0,09540213; 0,0001000166; 0,02503358)
(-0,09875104; 0,0001000166; 0,02597973)
(-0,1021376; 9,989738E-05; 0,02693967)
(-0,1055619; 0,0001000166; 0,02791341)
(-0,1090238; 0,0001000166; 0,02890096)
(-0,1125233; 9,989738E-05; 0,02990232)
(-0,1160605; 0,0001000166; 0,03091752)
(-0,1196354; 0,0001000166; 0,03194653)
(-0,1232479; 9,989738E-05; 0,03298938)
(-0,126898; 0,0001000166; 0,03404607)
(-0,1305857; 0,0001000166; 0,0351166)
(-0,1343111; 9,989738E-05; 0,03620097)
(-0,1380742; 0,0001000166; 0,03729918)
(-0,1418748; 0,0001000166; 0,03841124)
(-0,1457131; 9,989738E-05; 0,03953714)
(-0,1495834; 0,0001000166; 0,04069559)
(-0,1534857; 0,0001000166; 0,04188653)
(-0,1574199; 9,989738E-05; 0,04310993)
(-0,1613858; 0,0001000166; 0,04436574)
(-0,1653834; 0,0001000166; 0,0456539)
(-0,1694126; 9,989738E-05; 0,04697436)
(-0,1734732; 0,0001000166; 0,04832708)
(-0,1775652; 0,0001000166; 0,04971197)
(-0,1816885; 9,989738E-05; 0,05112899)
(-0,185843; 0,0001000166; 0,05257808)
(-0,1900287; 0,0001000166; 0,05405916)
(-0,1942455; 9,989738E-05; 0,05557217)
(-0,1984933; 0,0001000166; 0,05711704)
(-0,2027721; 0,0001000166; 0,0586937)
(-0,2070817; 9,989738E-05; 0,06030207)
(-0,2114222; 0,0001000166; 0,06194209)
(-0,2157935; 0,0001000166; 0,06361367)
(-0,2201956; 9,989738E-05; 0,06531674)
(-0,2246283; 0,0001000166; 0,06705122)
(-0,2290917; 0,0001000166; 0,06881703)
(-0,2335857; 9,989738E-05; 0,07061408)
(-0,2381103; 0,0001000166; 0,07244231)
(-0,2426655; 0,0001000166; 0,07430162)
(-0,2472512; 9,989738E-05; 0,07619193)
(-0,2518673; 0,0001000166; 0,07811316)
(-0,256514; 0,0001000166; 0,08006524)
(-0,261191; 9,989738E-05; 0,08204806)
(-0,2658985; 0,0001000166; 0,08406155)
(-0,2706363; 0,0001000166; 0,08610562)
(-0,2754046; 9,989738E-05; 0,08818019)
(-0,2802032; 0,0001000166; 0,09028517)
(-0,2850322; 0,0001000166; 0,09242049)
(-0,2898915; 9,989738E-05; 0,09458604)
(-0,2947811; 0,0001000166; 0,09678175)
(-0,2997011; 0,0001000166; 0,09900752)
(-0,3046513; 0,0001000166; 0,1012633)
(-0,3096319; 9,989738E-05; 0,1035489)
(-0,3146428; 0,0001000166; 0,1058644)
(-0,319684; 0,0001000166; 0,1082096)
(-0,3247555; 9,989738E-05; 0,1105844)
(-0,3298574; 0,0001000166; 0,1129888)
(-0,3349895; 0,0001000166; 0,1154226)
(-0,340152; 9,989738E-05; 0,1178858)
(-0,3453448; 0,0001000166; 0,1203783)
(-0,3505679; 0,0001000166; 0,1229)
(-0,3558213; 9,989738E-05; 0,1254509)
(-0,3611051; 0,0001000166; 0,1280308)
(-0,3664193; 0,0001000166; 0,1306397)
(-0,3717639; 9,989738E-05; 0,1332774)
(-0,3771388; 0,0001000166; 0,1359439)
(-0,3825508; 0,0001000166; 0,1386255)
(-0,3880001; 9,989738E-05; 0,1413223)
(-0,3934864; 0,0001000166; 0,1440341)
(-0,3990099; 0,0001000166; 0,1467611)
(-0,4045705; 9,989738E-05; 0,1495034)
(-0,4101683; 0,0001000166; 0,1522608)
(-0,4158031; 0,0001000166; 0,1550334)
(-0,421475; 9,989738E-05; 0,1578213)
(-0,4271839; 0,0001000166; 0,1606244)
(-0,4329299; 0,0001000166; 0,1634428)
(-0,438713; 9,989738E-05; 0,1662766)
(-0,444533; 0,0001000166; 0,1691257)
(-0,4503901; 0,0001000166; 0,1719901)
(-0,4562842; 9,989738E-05; 0,17487)
(-0,4622152; 0,0001000166; 0,1777652)
(-0,4681833; 0,0001000166; 0,1806759)
(-0,4741883; 9,989738E-05; 0,1836021)
(-0,4802303; 0,0001000166; 0,1865437)
(-0,4863092; 0,0001000166; 0,1895008)
(-0,492425; 0,0001000166; 0,1924734)
(-0,4985778; 9,989738E-05; 0,1954616)
(-0,5047674; 0,0001000166; 0,1984654)
(-0,510994; 0,0001000166; 0,2014848)
(-0,5172575; 9,989738E-05; 0,2045197)
(-0,5235577; 0,0001000166; 0,2075703)
(-0,5298949; 0,0001000166; 0,2106366)
(-0,5362689; 9,989738E-05; 0,2137186)
(-0,5426798; 0,0001000166; 0,2168163)
(-0,5491275; 0,0001000166; 0,2199297)
(-0,5556119; 9,989738E-05; 0,2230588)
(-0,5621332; 0,0001000166; 0,2262038)
(-0,5686913; 0,0001000166; 0,2293645)
(-0,5752861; 9,989738E-05; 0,2325411)
(-0,5819177; 0,0001000166; 0,2357335)
(-0,5885861; 0,0001000166; 0,2389418)
(-0,5952912; 9,989738E-05; 0,242166)
(-0,602033; 0,0001000166; 0,245406)
(-0,6088116; 0,0001000166; 0,2486621)
(-0,6156268; 9,989738E-05; 0,2519341)
(-0,6224788; 0,0001000166; 0,2552221)
(-0,6293674; 0,0001000166; 0,258526)
(-0,6362928; 9,989738E-05; 0,261846)
(-0,6432548; 0,0001000166; 0,2651821)
(-0,6502534; 0,0001000166; 0,2685342)
(-0,6572887; 9,989738E-05; 0,2719024)
(-0,6643606; 0,0001000166; 0,2752868)
(-0,6714691; 0,0001000166; 0,2786873)
(-0,6786143; 9,989738E-05; 0,2821039)
(-0,685796; 0,0001000166; 0,2855368)
(-0,6930143; 0,0001000166; 0,2889858)
(-0,7002489; 9,989738E-05; 0,2924933)
(-0,7074996; 0,0001000166; 0,2960589)
(-0,7147666; 0,0001000166; 0,2996819)
(-0,7220497; 9,989738E-05; 0,303362)
(-0,7293489; 0,0001000166; 0,3070984)
(-0,7366642; 0,0001000166; 0,3108909)
(-0,7439958; 9,989738E-05; 0,314739)
(-0,7513434; 0,0001000166; 0,3186421)
(-0,7587073; 0,0001000166; 0,3225998)
(-0,7660874; 9,989738E-05; 0,3266116)
(-0,7734837; 0,0001000166; 0,3306771)
(-0,7808962; 0,0001000166; 0,3347959)
(-0,7883252; 9,989738E-05; 0,3389675)
(-0,7957704; 0,0001000166; 0,3431915)
(-0,8032321; 0,0001000166; 0,3474674)
(-0,8107102; 9,989738E-05; 0,351795)
(-0,8182048; 0,0001000166; 0,3561737)
(-0,825716; 0,0001000166; 0,3606031)
(-0,8332439; 9,989738E-05; 0,365083)
(-0,8407885; 0,0001000166; 0,3696128)
(-0,8483499; 0,0001000166; 0,3741923)
(-0,8559281; 9,989738E-05; 0,378821)
(-0,8635233; 0,0001000166; 0,3834986)
(-0,8711355; 0,0001000166; 0,3882247)
(-0,8787648; 9,989738E-05; 0,392999)
(-0,8864113; 0,0001000166; 0,3978211)
(-0,894075; 0,0001000166; 0,4026907)
(-0,9017562; 9,989738E-05; 0,4076075)
(-0,9094548; 0,0001000166; 0,4125712)
(-0,9171709; 0,0001000166; 0,4175813)
(-0,9249047; 9,989738E-05; 0,4226376)
(-0,9326562; 0,0001000166; 0,4277399)
(-0,9404255; 0,0001000166; 0,4328877)
(-0,9482128; 9,989738E-05; 0,4380808)
(-0,9560181; 0,0001000166; 0,4433189)
(-0,9638414; 0,0001000166; 0,4486018)
(-0,9716831; 9,989738E-05; 0,453929)
(-0,979543; 0,0001000166; 0,4593004)
(-0,9874214; 0,0001000166; 0,4647157)
(-0,9953183; 9,989738E-05; 0,4701746)
(-1,003234; 0,0001000166; 0,4756768)
(-1,011168; 0,0001000166; 0,4812222)
(-1,019121; 9,989738E-05; 0,4868104)
(-1,027093; 0,0001000166; 0,4924411)
(-1,035084; 0,0001000166; 0,4981143)
(-1,043094; 9,989738E-05; 0,5038295)
(-1,051123; 0,0001000166; 0,5095867)
(-1,059172; 0,0001000166; 0,5153854)
(-1,06724; 9,989738E-05; 0,5212257)
(-1,075328; 0,0001000166; 0,5271071)
(-1,083435; 0,0001000166; 0,5330295)
(-1,09151; 9,989738E-05; 0,539063)
(-1,099552; 0,0001000166; 0,5452058)
(-1,107562; 0,0001000166; 0,5514563)
(-1,115539; 9,989738E-05; 0,5578129)
(-1,123484; 0,0001000166; 0,5642738)
(-1,131395; 0,0001000166; 0,5708377)
(-1,139274; 9,989738E-05; 0,5775028)
(-1,147121; 0,0001000166; 0,5842677)
(-1,154934; 0,0001000166; 0,591131)
(-1,162716; 0,0001000166; 0,5980911)
(-1,170465; 9,989738E-05; 0,6051468)
(-1,178182; 0,0001000166; 0,6122966)
(-1,185867; 0,0001000166; 0,6195393)
(-1,19352; 9,989738E-05; 0,6268734)
(-1,201141; 0,0001000166; 0,6342978)
(-1,208732; 0,0001000166; 0,6418111)
(-1,216291; 9,989738E-05; 0,6494123)
(-1,223819; 0,0001000166; 0,6571001)
(-1,231317; 0,0001000166; 0,6648733)
(-1,238785; 9,989738E-05; 0,6727309)
(-1,246222; 0,0001000166; 0,6806716)
(-1,25363; 0,0001000166; 0,6886946)
(-1,261009; 9,989738E-05; 0,6967987)
(-1,268359; 0,0001000166; 0,7049829)
(-1,27568; 0,0001000166; 0,7132463)
(-1,282973; 9,989738E-05; 0,7215878)
(-1,290237; 0,0001000166; 0,7300066)
(-1,297475; 0,0001000166; 0,7385016)
(-1,304685; 9,989738E-05; 0,7470721)
(-1,311868; 0,0001000166; 0,7557172)
(-1,319025; 0,0001000166; 0,7644358)
(-1,326156; 9,989738E-05; 0,7732275)
(-1,333262; 0,0001000166; 0,7820911)
(-1,340342; 0,0001000166; 0,791026)
(-1,347397; 9,989738E-05; 0,8000314)
(-1,354428; 0,0001000166; 0,8091066)
(-1,361434; 0,0001000166; 0,8182509)
(-1,368417; 9,989738E-05; 0,8274635)
(-1,375377; 0,0001000166; 0,8367437)
(-1,382314; 0,0001000166; 0,8460909)
(-1,389228; 9,989738E-05; 0,8555045)
(-1,39612; 0,0001000166; 0,8649837)
(-1,402991; 0,0001000166; 0,8745279)
(-1,40984; 9,989738E-05; 0,8841367)
(-1,416668; 0,0001000166; 0,8938093)
(-1,423476; 0,0001000166; 0,9035451)
(-1,430264; 9,989738E-05; 0,9133437)
(-1,437032; 0,0001000166; 0,9232045)
(-1,443781; 0,0001000166; 0,933127)
(-1,45051; 9,989738E-05; 0,9431106)
(-1,457184; 0,0001000166; 0,9531798)
(-1,463802; 0,0001000166; 0,9633335)
(-1,470365; 9,989738E-05; 0,9735703)
(-1,476873; 0,0001000166; 0,9838891)
(-1,483328; 0,0001000166; 0,9942887)
(-1,48973; 9,989738E-05; 1,004768)
(-1,496079; 0,0001000166; 1,015326)
(-1,502376; 0,0001000166; 1,025962)
(-1,508623; 9,989738E-05; 1,036673)
(-1,514818; 0,0001000166; 1,047461)
(-1,520963; 0,0001000166; 1,058323)
(-1,527059; 9,989738E-05; 1,069259)
(-1,533107; 0,0001000166; 1,080267)
(-1,539106; 0,0001000166; 1,091347)
(-1,545057; 9,989738E-05; 1,102498)
(-1,550962; 0,0001000166; 1,113719)
(-1,556821; 0,0001000166; 1,12501)
(-1,562634; 9,989738E-05; 1,136369)
(-1,568401; 0,0001000166; 1,147796)
(-1,574125; 0,0001000166; 1,159289)
(-1,579805; 9,989738E-05; 1,17085)
(-1,585441; 0,0001000166; 1,182475)
(-1,591035; 0,0001000166; 1,194166)
(-1,596587; 9,989738E-05; 1,205921)
(-1,602097; 0,0001000166; 1,217739)
(-1,607567; 0,0001000166; 1,22962)
(-1,612997; 9,989738E-05; 1,241564)
(-1,618386; 0,0001000166; 1,25357)
(-1,623737; 0,0001000166; 1,265637)
(-1,629049; 9,989738E-05; 1,277764)
(-1,634323; 0,0001000166; 1,289952)
(-1,63956; 0,0001000166; 1,3022)
(-1,644759; 9,989738E-05; 1,314506)
(-1,649923; 0,0001000166; 1,326872)
(-1,65505; 0,0001000166; 1,339295)
(-1,660142; 9,989738E-05; 1,351776)
(-1,6652; 9,989738E-05; 1,364315)
(-1,670223; 0,0001000166; 1,37691)
(-1,675212; 0,0001000166; 1,389562)
(-1,680167; 9,989738E-05; 1,40227)
(-1,68509; 0,0001000166; 1,415033)
(-1,689981; 0,0001000166; 1,427852)
(-1,694839; 9,989738E-05; 1,440725)
(-1,699667; 0,0001000166; 1,453654)
(-1,704463; 0,0001000166; 1,466636)
(-1,709228; 9,989738E-05; 1,479672)
(-1,713963; 0,0001000166; 1,492762)
(-1,718669; 0,0001000166; 1,505905)
(-1,723345; 9,989738E-05; 1,519101)
(-1,727993; 0,0001000166; 1,532349)
(-1,732649; 0,0001000166; 1,545637)
(-1,737315; 9,989738E-05; 1,558964)
(-1,741989; 0,0001000166; 1,57233)
(-1,746672; 0,0001000166; 1,585736)
(-1,751363; 9,989738E-05; 1,599181)
(-1,756063; 0,0001000166; 1,612665)
(-1,760772; 0,0001000166; 1,626189)
(-1,765489; 0,0001000166; 1,639752)
(-1,770214; 9,989738E-05; 1,653355)
(-1,774946; 9,989738E-05; 1,666997)
(-1,779687; 0,0001000166; 1,680679)
(-1,784436; 0,0001000166; 1,6944)
(-1,789192; 9,989738E-05; 1,708161)
(-1,793956; 0,0001000166; 1,721962)
(-1,798728; 0,0001000166; 1,735803)
(-1,803506; 9,989738E-05; 1,749683)
(-1,808292; 0,0001000166; 1,763604)
(-1,813085; 0,0001000166; 1,777564)
(-1,817884; 9,989738E-05; 1,791564)
(-1,82269; 0,0001000166; 1,805604)
(-1,827503; 0,0001000166; 1,819684)
(-1,832323; 0,0001000166; 1,833804)
(-1,837148; 9,989738E-05; 1,847965)
(-1,84198; 0,0001000166; 1,862165)
(-1,846817; 0,0001000166; 1,876406)
(-1,851661; 9,989738E-05; 1,890687)
(-1,85651; 0,0001000166; 1,905008)
(-1,861365; 0,0001000166; 1,91937)
(-1,866225; 9,989738E-05; 1,933772)
(-1,871089; 0,0001000166; 1,948214)
(-1,875959; 0,0001000166; 1,962697)
(-1,880834; 9,989738E-05; 1,977221)
(-1,885713; 0,0001000166; 1,991785)
(-1,890597; 0,0001000166; 2,006391)
(-1,895485; 9,989738E-05; 2,021036)
(-1,900377; 0,0001000166; 2,035723)
(-1,905272; 0,0001000166; 2,050451)
(-1,910172; 9,989738E-05; 2,065219)
(-1,915074; 9,989738E-05; 2,080029)
(-1,91998; 0,0001000166; 2,094879)
(-1,924889; 0,0001000166; 2,109771)
(-1,929801; 9,989738E-05; 2,124704)
(-1,934715; 0,0001000166; 2,139678)
(-1,939631; 0,0001000166; 2,154694)
(-1,94455; 9,989738E-05; 2,16975)
(-1,94947; 0,0001000166; 2,184849)
(-1,954392; 0,0001000166; 2,199989)
(-1,959315; 9,989738E-05; 2,215171)
(-1,96424; 0,0001000166; 2,230394)
(-1,969165; 0,0001000166; 2,245659)
(-1,974054; 9,989738E-05; 2,260978)
(-1,978906; 0,0001000166; 2,27635)
(-1,983723; 0,0001000166; 2,291775)
(-1,988505; 9,989738E-05; 2,307253)
(-1,99325; 0,0001000166; 2,322784)
(-1,997961; 0,0001000166; 2,338368)
(-2,002636; 9,989738E-05; 2,354004)
(-2,007277; 0,0001000166; 2,369692)
(-2,011883; 0,0001000166; 2,385432)
(-2,016454; 9,989738E-05; 2,401223)
(-2,020991; 0,0001000166; 2,417067)
(-2,025493; 0,0001000166; 2,432961)
(-2,029961; 9,989738E-05; 2,448907)
(-2,034395; 0,0001000166; 2,464904)
(-2,038795; 0,0001000166; 2,480951)
(-2,043161; 9,989738E-05; 2,49705)
(-2,047493; 0,0001000166; 2,513199)
(-2,05179; 0,0001000166; 2,529398)
(-2,056054; 9,989738E-05; 2,545648)
(-2,060284; 0,0001000166; 2,561948)
(-2,06448; 0,0001000166; 2,578298)
(-2,068642; 9,989738E-05; 2,594698)
(-2,07277; 0,0001000166; 2,611148)
(-2,076864; 0,0001000166; 2,627648)
(-2,080923; 9,989738E-05; 2,644197)
(-2,084949; 0,0001000166; 2,660796)
(-2,08894; 0,0001000166; 2,677444)
(-2,092896; 9,989738E-05; 2,694142)
(-2,096819; 0,0001000166; 2,710889)
(-2,100706; 0,0001000166; 2,727684)
(-2,104559; 9,989738E-05; 2,744529)
(-2,108376; 0,0001000166; 2,761423)
(-2,112159; 0,0001000166; 2,778366)
(-2,115906; 9,989738E-05; 2,795358)
(-2,119617; 0,0001000166; 2,812398)
(-2,123293; 0,0001000166; 2,829487)
(-2,126932; 9,989738E-05; 2,846625)
(-2,130536; 0,0001000166; 2,863811)
(-2,134102; 0,0001000166; 2,881046)
(-2,137632; 9,989738E-05; 2,898329)
(-2,141124; 0,0001000166; 2,915661)
(-2,144579; 0,0001000166; 2,933041)
(-2,147996; 9,989738E-05; 2,950469)
(-2,151375; 9,989738E-05; 2,967945)
(-2,154715; 0,0001000166; 2,98547)
(-2,158015; 0,0001000166; 3,003042)
(-2,161277; 9,989738E-05; 3,020663)
(-2,164499; 0,0001000166; 3,038331)
(-2,16768; 0,0001000166; 3,056048)
(-2,17082; 9,989738E-05; 3,073812)
(-2,173827; 0,0001000166; 3,09164)
(-2,176702; 0,0001000166; 3,109531)
(-2,179446; 9,989738E-05; 3,127482)
(-2,182058; 0,0001000166; 3,145494)
(-2,18454; 0,0001000166; 3,163564)
(-2,186892; 9,989738E-05; 3,181692)
(-2,189115; 0,0001000166; 3,199877)
(-2,19121; 0,0001000166; 3,218117)
(-2,193177; 9,989738E-05; 3,236411)
(-2,195017; 0,0001000166; 3,254759)
(-2,19673; 0,0001000166; 3,273159)
(-2,198317; 9,989738E-05; 3,291611)
(-2,199778; 0,0001000166; 3,310113)
(-2,201113; 0,0001000166; 3,328665)
(-2,202323; 9,989738E-05; 3,347266)
(-2,203409; 0,0001000166; 3,365914)
(-2,20437; 0,0001000166; 3,384609)
(-2,205207; 9,989738E-05; 3,403351)
(-2,20592; 0,0001000166; 3,422137)
(-2,20651; 0,0001000166; 3,440968)
(-2,206975; 9,989738E-05; 3,459842)
(-2,207318; 0,0001000166; 3,478759)
(-2,207537; 0,0001000166; 3,497717)
(-2,207633; 9,989738E-05; 3,516717)
(-2,20522; 0,0001000166; 3,535603)
(-2,200377; 9,989738E-05; 3,554058)
(-2,193218; 0,0001000166; 3,571787)
(-2,183892; 9,989738E-05; 3,588524)
(-2,172572; 0,0001000166; 3,604032)
(-2,159453; 9,989738E-05; 3,618106)
(-2,144745; 0,0001000166; 3,630571)
(-2,128669; 9,989738E-05; 3,641287)
(-2,111454; 0,0001000166; 3,650143)
(-2,093329; 9,989738E-05; 3,657061)
(-2,074524; 0,0001000166; 3,661989)
(-2,055264; 9,989738E-05; 3,664904)
(-2,035765; 0,0001000166; 3,665806)
(-2,016235; 0,0001000166; 3,66472)
(-1,996871; 9,989738E-05; 3,661689)
(-1,977856; 0,0001000166; 3,656774)
(-1,959359; 0,0001000166; 3,650054)
(-1,941535; 9,989738E-05; 3,641617)
(-1,924523; 0,0001000166; 3,631565)
(-1,908448; 0,0001000166; 3,620006)
(-1,893417; 9,989738E-05; 3,607055)
(-1,879526; 0,0001000166; 3,592834)
(-1,866853; 0,0001000166; 3,577466)
(-1,855463; 9,989738E-05; 3,561074)
(-1,845409; 0,0001000166; 3,543785)
(-1,836731; 0,0001000166; 3,525722)
(-1,829261; 9,989738E-05; 3,507083)
(-1,821776; 0,0001000166; 3,488407)
(-1,814276; 0,0001000166; 3,469695)
(-1,806763; 9,989738E-05; 3,450944)
(-1,79924; 0,0001000166; 3,432154)
(-1,791708; 0,0001000166; 3,413325)
(-1,784169; 9,989738E-05; 3,394455)
(-1,776625; 0,0001000166; 3,375545)
(-1,769076; 0,0001000166; 3,356593)
(-1,761525; 9,989738E-05; 3,337599)
(-1,753973; 0,0001000166; 3,318562)
(-1,746422; 0,0001000166; 3,299482)
(-1,738872; 9,989738E-05; 3,280358)
(-1,731326; 0,0001000166; 3,261191)
(-1,723784; 0,0001000166; 3,241978)
(-1,716248; 9,989738E-05; 3,22272)
(-1,708718; 0,0001000166; 3,203417)
(-1,701197; 0,0001000166; 3,184067)
(-1,693685; 9,989738E-05; 3,164671)
(-1,686182; 0,0001000166; 3,145229)
(-1,678692; 0,0001000166; 3,125739)
(-1,671213; 9,989738E-05; 3,106201)
(-1,663748; 0,0001000166; 3,086616)
(-1,656296; 0,0001000166; 3,066983)
(-1,64886; 9,989738E-05; 3,047301)
(-1,641439; 0,0001000166; 3,02757)
(-1,634035; 0,0001000166; 3,007791)
(-1,626649; 9,989738E-05; 2,987962)
(-1,61928; 0,0001000166; 2,968084)
(-1,611931; 0,0001000166; 2,948156)
(-1,604601; 9,989738E-05; 2,928179)
(-1,597291; 0,0001000166; 2,908151)
(-1,590002; 0,0001000166; 2,888073)
(-1,582734; 9,989738E-05; 2,867945)
(-1,575489; 0,0001000166; 2,847767)
(-1,568265; 0,0001000166; 2,827538)
(-1,561065; 9,989738E-05; 2,807258)
(-1,553889; 0,0001000166; 2,786928)
(-1,546736; 0,0001000166; 2,766546)
(-1,539608; 9,989738E-05; 2,746114)
(-1,532505; 0,0001000166; 2,725631)
(-1,525427; 0,0001000166; 2,705097)
(-1,518374; 9,989738E-05; 2,684512)
(-1,511348; 9,989738E-05; 2,663875)
(-1,504348; 0,0001000166; 2,643188)
(-1,497374; 0,0001000166; 2,622449)
(-1,490427; 9,989738E-05; 2,601659)
(-1,483508; 0,0001000166; 2,580818)
(-1,476615; 0,0001000166; 2,559926)
(-1,469751; 9,989738E-05; 2,538982)
(-1,462914; 0,0001000166; 2,517987)
(-1,456015; 0,0001000166; 2,496971)
(-1,449055; 9,989738E-05; 2,475932)
(-1,442037; 0,0001000166; 2,454871)
(-1,434961; 0,0001000166; 2,433787)
(-1,427829; 9,989738E-05; 2,412679)
(-1,420643; 0,0001000166; 2,391548)
(-1,413404; 0,0001000166; 2,370392)
(-1,406114; 9,989738E-05; 2,349212)
(-1,398773; 0,0001000166; 2,328007)
(-1,391384; 0,0001000166; 2,306776)
(-1,383947; 9,989738E-05; 2,285519)
(-1,376465; 0,0001000166; 2,264236)
(-1,368937; 0,0001000166; 2,242927)
(-1,361365; 9,989738E-05; 2,221591)
(-1,353751; 0,0001000166; 2,200227)
(-1,346095; 0,0001000166; 2,178836)
(-1,338399; 9,989738E-05; 2,157417)
(-1,330663; 0,0001000166; 2,13597)
(-1,322889; 0,0001000166; 2,114494)
(-1,315078; 9,989738E-05; 2,092989)
(-1,30723; 0,0001000166; 2,071454)
(-1,299347; 0,0001000166; 2,04989)
(-1,291429; 9,989738E-05; 2,028296)
(-1,283477; 0,0001000166; 2,006672)
(-1,275493; 0,0001000166; 1,985017)
(-1,267477; 9,989738E-05; 1,963331)
(-1,25943; 0,0001000166; 1,941615)
(-1,251352; 0,0001000166; 1,919866)
(-1,243245; 9,989738E-05; 1,898087)
(-1,235108; 0,0001000166; 1,876275)
(-1,226944; 0,0001000166; 1,854431)
(-1,218752; 9,989738E-05; 1,832555)
(-1,210533; 0,0001000166; 1,810646)
(-1,202289; 0,0001000166; 1,788704)
(-1,194018; 9,989738E-05; 1,766728)
(-1,185723; 0,0001000166; 1,74472)
(-1,177404; 0,0001000166; 1,722678)
(-1,16906; 9,989738E-05; 1,700602)
(-1,160694; 0,0001000166; 1,678492)
(-1,152305; 0,0001000166; 1,656348)
(-1,143894; 9,989738E-05; 1,63417)
(-1,135461; 0,0001000166; 1,611957)
(-1,127007; 0,0001000166; 1,589709)
(-1,118533; 9,989738E-05; 1,567426)
(-1,110038; 0,0001000166; 1,545108)
(-1,101524; 0,0001000166; 1,522755)
(-1,09299; 9,989738E-05; 1,500366)
(-1,084437; 0,0001000166; 1,477942)
(-1,075866; 0,0001000166; 1,455482)
(-1,067277; 9,989738E-05; 1,432986)
(-1,058691; 0,0001000166; 1,410447)
(-1,050108; 0,0001000166; 1,387863)
(-1,041529; 9,989738E-05; 1,365235)
(-1,032953; 0,0001000166; 1,342563)
(-1,024379; 0,0001000166; 1,319847)
(-1,01581; 9,989738E-05; 1,297087)
(-1,007243; 0,0001000166; 1,274283)
(-0,9986796; 0,0001000166; 1,251435)
(-0,9901193; 0,0001000166; 1,228544)
(-0,9815622; 9,989738E-05; 1,205608)
(-0,9730082; 0,0001000166; 1,182629)
(-0,9644572; 0,0001000166; 1,159606)
(-0,9559093; 9,989738E-05; 1,136539)
(-0,9473644; 0,0001000166; 1,113428)
(-0,9388224; 0,0001000166; 1,090274)
(-0,9302833; 0,0001000166; 1,067075)
(-0,921747; 9,989738E-05; 1,043834)
(-0,9132136; 0,0001000166; 1,020548)
(-0,9046827; 0,0001000166; 0,9972193)
(-0,8961545; 9,989738E-05; 0,9738467)
(-0,8876289; 0,0001000166; 0,9504306)
(-0,8791058; 0,0001000166; 0,9269711)
(-0,8705851; 9,989738E-05; 0,9034682)
(-0,8620667; 0,0001000166; 0,8799219)
(-0,8535506; 0,0001000166; 0,8563322)
(-0,8450367; 9,989738E-05; 0,8326992)
(-0,8365248; 0,0001000166; 0,8090229)
(-0,8280149; 0,0001000166; 0,7853035)
(-0,8195069; 9,989738E-05; 0,7615408)
(-0,8110008; 0,0001000166; 0,7377351)
(-0,8024963; 0,0001000166; 0,7138863)
(-0,7939934; 9,989738E-05; 0,6899944)
(-0,7854921; 0,0001000166; 0,6660595)
(-0,7769921; 0,0001000166; 0,6420817)
(-0,7684935; 9,989738E-05; 0,618061)
(-0,7599961; 0,0001000166; 0,5939974)
(-0,7514997; 0,0001000166; 0,5698911)
(-0,7430044; 9,989738E-05; 0,545742)
(-0,7345099; 0,0001000166; 0,5215502)
(-0,7260162; 0,0001000166; 0,4973157)
(-0,7175231; 9,989738E-05; 0,4730386)
(-0,7090306; 0,0001000166; 0,448719)
(-0,7005385; 0,0001000166; 0,4243568)
(-0,6920466; 9,989738E-05; 0,3999522)
(-0,6835549; 0,0001000166; 0,3755052)
(-0,6750634; 0,0001000166; 0,3510158)
(-0,6665717; 9,989738E-05; 0,3264841)
(-0,6580799; 0,0001000166; 0,3019102)
(-0,6495877; 0,0001000166; 0,277294)
(-0,6410951; 9,989738E-05; 0,2526357)
(-0,6324167; 9,989738E-05; 0,2279998)
(-0,6235559; 0,0001000166; 0,2033864)
(-0,614516; 0,0001000166; 0,1787955)
(-0,6053004; 9,989738E-05; 0,1542272)
(-0,5959122; 0,0001000166; 0,1296816)
(-0,5863545; 0,0001000166; 0,1051584)
(-0,5766305; 9,989738E-05; 0,08065777)
(-0,5667432; 0,0001000166; 0,05617941)
(-0,5566954; 0,0001000166; 0,03172321)
(-0,5464901; 9,989738E-05; 0,007288985)
(-0,53613; 0,0001000166; -0,01712349)
(-0,525618; 0,0001000166; -0,04151446)
(-0,5149565; 9,989738E-05; -0,06588419)
(-0,5041484; 9,989738E-05; -0,09023297)
(-0,4931961; 0,0001000166; -0,1145611)
(-0,4821021; 0,0001000166; -0,138869)
(-0,4708689; 9,989738E-05; -0,1631569)
(-0,4594989; 9,989738E-05; -0,1874252)
(-0,4479943; 0,0001000166; -0,2116743)
(-0,4363574; 0,0001000166; -0,2359046)
(-0,4245906; 9,989738E-05; -0,2601165)
(-0,4126958; 9,989738E-05; -0,2843104)
(-0,4006753; 0,0001000166; -0,3084868)
(-0,3885311; 0,0001000166; -0,332646)
(-0,3762652; 9,989738E-05; -0,3567885)
(-0,3638795; 9,989738E-05; -0,3809149)
(-0,351376; 0,0001000166; -0,4050254)
(-0,3387566; 0,0001000166; -0,4291206)
(-0,326023; 9,989738E-05; -0,4532009)
(-0,3131771; 9,989738E-05; -0,4772668)
(-0,3002206; 0,0001000166; -0,5013189)
(-0,2871552; 0,0001000166; -0,5253574)
(-0,2739825; 9,989738E-05; -0,549383)
(-0,2607042; 9,989738E-05; -0,5733961)
(-0,2473218; 0,0001000166; -0,5973971)
(-0,2338368; 0,0001000166; -0,6213866)
(-0,2202509; 9,989738E-05; -0,6453651)
(-0,2065654; 9,989738E-05; -0,6693328)
(-0,1927817; 0,0001000166; -0,6932905)
(-0,1789013; 0,0001000166; -0,7172384)
(-0,1649255; 9,989738E-05; -0,7411772)
(-0,1508557; 9,989738E-05; -0,7651072)
(-0,1366931; 0,0001000166; -0,7890289)
(-0,122439; 0,0001000166; -0,8129428)
(-0,1080946; 9,989738E-05; -0,8368493)
(-0,09366113; 9,989738E-05; -0,8607489)
(-0,07913976; 0,0001000166; -0,884642)
(-0,06453162; 0,0001000166; -0,908529)
(-0,04983784; 9,989738E-05; -0,9324104)
(-0,03505948; 9,989738E-05; -0,9562867)
(-0,02003846; 0,0001000166; -0,9800583)
(-0,004779688; 0,0001000166; -1,003726)
(0,01071201; 9,989738E-05; -1,027289)
(0,02643197; 0,0001000166; -1,050749)
(0,04237563; 0,0001000166; -1,074106)
(0,05853852; 9,989738E-05; -1,09736)
(0,0749163; 9,989738E-05; -1,120513)
(0,09150476; 0,0001000166; -1,143564)
(0,1082998; 0,0001000166; -1,166515)
(0,1252973; 9,989738E-05; -1,189367)
(0,1424935; 0,0001000166; -1,212119)
(0,1598845; 0,0001000166; -1,234773)
(0,1774666; 9,989738E-05; -1,25733)
(0,1952361; 0,0001000166; -1,279791)
(0,2131897; 0,0001000166; -1,302156)
(0,2313239; 9,989738E-05; -1,324427)
(0,2496352; 0,0001000166; -1,346604)
(0,2681206; 0,0001000166; -1,368688)
(0,2867768; 9,989738E-05; -1,390681)
(0,3056008; 0,0001000166; -1,412583)
(0,3245896; 0,0001000166; -1,434395)
(0,3437402; 9,989738E-05; -1,456119)
(0,3630499; 0,0001000166; -1,477755)
(0,3825159; 0,0001000166; -1,499305)
(0,4021356; 9,989738E-05; -1,520769)
(0,4219062; 0,0001000166; -1,542148)
(0,4418254; 0,0001000166; -1,563444)
(0,4618907; 9,989738E-05; -1,584657)
(0,4820997; 0,0001000166; -1,605789)
(0,50245; 0,0001000166; -1,626841)
(0,5229394; 9,989738E-05; -1,647813)
(0,5435658; 0,0001000166; -1,668707)
(0,5643269; 0,0001000166; -1,689523)
(0,5852208; 9,989738E-05; -1,710263)
(0,6062455; 9,989738E-05; -1,730928)
(0,6273989; 0,0001000166; -1,751518)
(0,6486793; 0,0001000166; -1,772034)
(0,6700847; 9,989738E-05; -1,792478)
(0,6916135; 0,0001000166; -1,81285)
(0,7132639; 0,0001000166; -1,833152)
(0,7350342; 9,989738E-05; -1,853383)
(0,7569228; 0,0001000166; -1,873546)
(0,7789282; 0,0001000166; -1,893641)
(0,8010488; 9,989738E-05; -1,913668)
(0,8232832; 0,0001000166; -1,933628)
(0,84563; 0,0001000166; -1,953524)
(0,8680878; 9,989738E-05; -1,973354)
(0,8906552; 0,0001000166; -1,99312)
(0,913331; 0,0001000166; -2,012822)
(0,9361141; 9,989738E-05; -2,032462)
(0,959003; 0,0001000166; -2,05204)
(0,981998; 0,0001000166; -2,071555)
(1,005098; 9,989738E-05; -2,091008)
(1,028302; 0,0001000166; -2,1104)
(1,051608; 0,0001000166; -2,12973)
(1,075016; 9,989738E-05; -2,149001)
(1,098525; 0,0001000166; -2,168211)
(1,122134; 0,0001000166; -2,187362)
(1,145842; 9,989738E-05; -2,206455)
(1,169647; 0,0001000166; -2,225489)
(1,193551; 0,0001000166; -2,244465)
(1,21755; 9,989738E-05; -2,263384)
(1,241645; 0,0001000166; -2,282246)
(1,265836; 0,0001000166; -2,301051)
(1,29012; 9,989738E-05; -2,319799)
(1,314499; 0,0001000166; -2,338491)
(1,33897; 0,0001000166; -2,357127)
(1,363534; 9,989738E-05; -2,375708)
(1,388191; 0,0001000166; -2,394233)
(1,412938; 0,0001000166; -2,412702)
(1,437777; 9,989738E-05; -2,431115)
(1,462706; 0,0001000166; -2,449474)
(1,487726; 0,0001000166; -2,467777)
(1,512836; 9,989738E-05; -2,486024)
(1,538035; 0,0001000166; -2,504216)
(1,563324; 0,0001000166; -2,522352)
(1,588701; 9,989738E-05; -2,540433)
(1,614167; 0,0001000166; -2,558458)
(1,639722; 0,0001000166; -2,576426)
(1,665366; 9,989738E-05; -2,594338)
(1,691098; 0,0001000166; -2,612193)
(1,716918; 0,0001000166; -2,629991)
(1,742826; 9,989738E-05; -2,647731)
(1,768822; 0,0001000166; -2,665413)
(1,794907; 0,0001000166; -2,683036)
(1,82108; 0,0001000166; -2,700599)
(1,847341; 9,989738E-05; -2,718103)
(1,87369; 0,0001000166; -2,735546)
(1,900128; 0,0001000166; -2,752927)
(1,926655; 9,989738E-05; -2,770246)
(1,95327; 0,0001000166; -2,787502)
(1,979975; 0,0001000166; -2,804693)
(2,006768; 9,989738E-05; -2,82182)
(2,033652; 0,0001000166; -2,838879)
(2,060626; 0,0001000166; -2,855872)
(2,08769; 9,989738E-05; -2,872796)
(2,114844; 0,0001000166; -2,889649)
(2,14209; 0,0001000166; -2,906431)
(2,169428; 9,989738E-05; -2,923141)
(2,196857; 0,0001000166; -2,939776)
(2,22438; 0,0001000166; -2,956335)
(2,252039; 9,989738E-05; -2,972743)
(2,279833; 0,0001000166; -2,989001)
(2,307762; 0,0001000166; -3,005106)
(2,335824; 9,989738E-05; -3,021058)
(2,364021; 0,0001000166; -3,036855)
(2,392349; 0,0001000166; -3,052496)
(2,420809; 9,989738E-05; -3,06798)
(2,449401; 0,0001000166; -3,083305)
(2,478123; 0,0001000166; -3,098469)
(2,506976; 9,989738E-05; -3,113471)
(2,535959; 0,0001000166; -3,128308)
(2,565071; 0,0001000166; -3,142979)
(2,594311; 9,989738E-05; -3,157482)
(2,623681; 0,0001000166; -3,171813)
(2,653179; 0,0001000166; -3,185971)
(2,682805; 9,989738E-05; -3,199953)
(2,712559; 9,989738E-05; -3,213756)
(2,742441; 0,0001000166; -3,227377)
(2,772449; 0,0001000166; -3,240814)
(2,802585; 9,989738E-05; -3,254063)
(2,832848; 0,0001000166; -3,267121)
(2,863238; 0,0001000166; -3,279984)
(2,893754; 9,989738E-05; -3,292649)
(2,924396; 9,989738E-05; -3,305111)
(2,955165; 0,0001000166; -3,317367)
(2,986059; 0,0001000166; -3,329412)
(3,01708; 9,989738E-05; -3,341243)
(3,048226; 0,0001000166; -3,352853)
(3,079497; 0,0001000166; -3,36424)
(3,110893; 9,989738E-05; -3,375397)
(3,142414; 0,0001000166; -3,386319)
(3,174059; 0,0001000166; -3,397002)
(3,205829; 9,989738E-05; -3,407439)
(3,237721; 0,0001000166; -3,417624)
(3,269737; 0,0001000166; -3,427552)
(3,301875; 9,989738E-05; -3,437216)
(3,334135; 0,0001000166; -3,446609)
(3,366516; 0,0001000166; -3,455726)
(3,399017; 9,989738E-05; -3,464559)
(3,431637; 0,0001000166; -3,4731)
(3,464375; 0,0001000166; -3,481343)
(3,49723; 9,989738E-05; -3,489279)
(3,5302; 9,989738E-05; -3,4969)
(3,563284; 0,0001000166; -3,504199)
(3,596481; 0,0001000166; -3,511167)
(3,629787; 9,989738E-05; -3,517795)
(3,663202; 0,0001000166; -3,524074)
(3,696723; 0,0001000166; -3,529994)
(3,730347; 9,989738E-05; -3,535548)
(3,764072; 9,989738E-05; -3,540724)
(3,79792; 0,0001000166; -3,545326)
(3,831883; 0,0001000166; -3,549345)
(3,865951; 9,989738E-05; -3,552775)
(3,900113; 0,0001000166; -3,555607)
(3,93436; 0,0001000166; -3,557834)
(3,968682; 9,989738E-05; -3,559448)
(4,003067; 0,0001000166; -3,560441)
(4,037505; 0,0001000166; -3,560806)
(4,071984; 9,989738E-05; -3,560533)
(4,106492; 0,0001000166; -3,559616)
(4,141016; 9,989738E-05; -3,558047)
(4,175543; 0,0001000166; -3,555818)
(4,210062; 9,989738E-05; -3,552921)
(4,244557; 0,0001000166; -3,54935)
(4,279015; 9,989738E-05; -3,545096)
(4,313422; 0,0001000166; -3,540154)
(4,347762; 9,989738E-05; -3,534516)
(4,38202; 9,989738E-05; -3,528177)
(4,41618; 0,0001000166; -3,521129)
(4,450226; 9,989738E-05; -3,513369)
(4,484142; 0,0001000166; -3,50489)
(4,51791; 9,989738E-05; -3,495688)
(4,551514; 0,0001000166; -3,485759)
(4,584935; 9,989738E-05; -3,475099)
(4,618155; 0,0001000166; -3,463705)
(4,651156; 9,989738E-05; -3,451576)
(4,68392; 9,989738E-05; -3,438709)
(4,716428; 0,0001000166; -3,425105)
(4,74866; 9,989738E-05; -3,410761)
(4,780599; 0,0001000166; -3,395681)
(4,812223; 9,989738E-05; -3,379864)
(4,843516; 9,989738E-05; -3,363313)
(4,874457; 0,0001000166; -3,346032)
(4,905027; 9,989738E-05; -3,328026)
(4,935209; 0,0001000166; -3,309298)
(4,964983; 9,989738E-05; -3,289855)
(4,99433; 0,0001000166; -3,269705)
(5,023234; 9,989738E-05; -3,248854)
(5,051677; 0,0001000166; -3,227313)
(5,079642; 9,989738E-05; -3,20509)
(5,107113; 0,0001000166; -3,182196)
(5,134074; 9,989738E-05; -3,158644)
(5,160511; 0,0001000166; -3,134444)
(5,186408; 9,989738E-05; -3,109612)
(5,211754; 0,0001000166; -3,084159)
(5,236535; 9,989738E-05; -3,058102)
(5,260741; 9,989738E-05; -3,031456)
(5,284361; 0,0001000166; -3,004235)
(5,307387; 9,989738E-05; -2,976458)
(5,329809; 0,0001000166; -2,948141)
(5,350702; 9,989738E-05; -2,918628)
(5,37003; 0,0001000166; -2,88802)
(5,387764; 9,989738E-05; -2,856416)
(5,403888; 0,0001000166; -2,823916)
(5,418389; 9,989738E-05; -2,790617)
(5,431267; 0,0001000166; -2,756614)
(5,442527; 9,989738E-05; -2,722)
(5,452181; 0,0001000166; -2,686862)
(5,460249; 9,989738E-05; -2,651286)
(5,466756; 0,0001000166; -2,615351)
(5,471734; 9,989738E-05; -2,579131)
(5,475216; 0,0001000166; -2,542698)
(5,477243; 9,989738E-05; -2,506114)
(5,477858; 0,0001000166; -2,46944)
(5,472512; 0,0001000166; -2,433111)
(5,461474; 9,989738E-05; -2,398048)
(5,445146; 0,0001000166; -2,365069)
(5,424032; 0,0001000166; -2,33488)
(5,398713; 9,989738E-05; -2,308065)
(5,369814; 0,0001000166; -2,285088)
(5,337991; 0,0001000166; -2,266292)
(5,303902; 9,989738E-05; -2,251909)
(5,268516; 0,0001000166; -2,240963)
(5,232437; 0,0001000166; -2,232409)
(5,195826; 9,989738E-05; -2,226282)
(5,158849; 0,0001000166; -2,222602)
(5,12167; 0,0001000166; -2,221378)
(5,08445; 0,0001000166; -2,222605)
(5,047351; 9,989738E-05; -2,226267)
(5,010528; 9,989738E-05; -2,232333)
(4,974132; 0,0001000166; -2,240765)
(4,938309; 9,989738E-05; -2,25151)
(4,903198; 0,0001000166; -2,264508)
(4,86893; 9,989738E-05; -2,279687)
(4,835628; 0,0001000166; -2,296971)
(4,803407; 9,989738E-05; -2,316272)
(4,772372; 0,0001000166; -2,337498)
(4,742619; 9,989738E-05; -2,360553)
(4,714234; 0,0001000166; -2,385333)
(4,687295; 9,989738E-05; -2,411735)
(4,661867; 0,0001000166; -2,439649)
(4,638008; 9,989738E-05; -2,468967)
(4,615766; 9,989738E-05; -2,49958)
(4,595178; 0,0001000166; -2,531376)
(4,576275; 9,989738E-05; -2,564249)
(4,559078; 0,0001000166; -2,598089)
(4,543598; 9,989738E-05; -2,632793)
(4,529841; 0,0001000166; -2,668258)
(4,517805; 9,989738E-05; -2,704385)
(4,50748; 0,0001000166; -2,74108)
(4,496062; 9,989738E-05; -2,777491)
(4,483573; 0,0001000166; -2,813592)
(4,470037; 9,989738E-05; -2,849355)
(4,455478; 0,0001000166; -2,884758)
(4,43992; 9,989738E-05; -2,919778)
(4,423389; 9,989738E-05; -2,954393)
(4,405911; 0,0001000166; -2,988584)
(4,387511; 9,989738E-05; -3,022334)
(4,368217; 0,0001000166; -3,055626)
(4,348053; 9,989738E-05; -3,088447)
(4,327046; 0,0001000166; -3,120782)
(4,305223; 9,989738E-05; -3,152621)
(4,282612; 0,0001000166; -3,183954)
(4,259238; 9,989738E-05; -3,214772)
(4,235126; 0,0001000166; -3,245068)
(4,210305; 9,989738E-05; -3,274837)
(4,184799; 9,989738E-05; -3,304075)
(4,158633; 0,0001000166; -3,332778)
(4,131832; 9,989738E-05; -3,360945)
(4,104422; 0,0001000166; -3,388574)
(4,076426; 9,989738E-05; -3,415668)
(4,047867; 0,0001000166; -3,442227)
(4,018769; 9,989738E-05; -3,468254)
(3,989154; 0,0001000166; -3,493752)
(3,959044; 9,989738E-05; -3,518727)
(3,92846; 0,0001000166; -3,543183)
(3,897423; 9,989738E-05; -3,567126)
(3,865951; 0,0001000166; -3,590564)
(3,834066; 9,989738E-05; -3,613503)
(3,801785; 0,0001000166; -3,635952)
(3,769125; 9,989738E-05; -3,657919)
(3,736105; 0,0001000166; -3,679413)
(3,702741; 9,989738E-05; -3,700444)
(3,669048; 0,0001000166; -3,721022)
(3,635042; 9,989738E-05; -3,741157)
(3,600738; 0,0001000166; -3,760859)
(3,566149; 9,989738E-05; -3,780139)
(3,531289; 0,0001000166; -3,799009)
(3,49617; 9,989738E-05; -3,817479)
(3,460805; 0,0001000166; -3,835561)
(3,425205; 9,989738E-05; -3,853266)
(3,389381; 0,0001000166; -3,870605)
(3,353343; 9,989738E-05; -3,887591)
(3,317102; 0,0001000166; -3,904233)
(3,280668; 9,989738E-05; -3,920545)
(3,244048; 0,0001000166; -3,936537)
(3,207251; 9,989738E-05; -3,952221)
(3,170286; 0,0001000166; -3,967608)
(3,13316; 9,989738E-05; -3,982709)
(3,09588; 0,0001000166; -3,997535)
(3,058454; 9,989738E-05; -4,012097)
(3,020716; 0,0001000166; -4,025948)
(2,982687; 9,989738E-05; -4,039102)
(2,944387; 0,0001000166; -4,051576)
(2,905835; 9,989738E-05; -4,063383)
(2,867049; 0,0001000166; -4,074542)
(2,828044; 9,989738E-05; -4,085067)
(2,788837; 0,0001000166; -4,094975)
(2,749442; 9,989738E-05; -4,104284)
(2,709873; 0,0001000166; -4,113008)
(2,670142; 9,989738E-05; -4,121166)
(2,630262; 0,0001000166; -4,128774)
(2,590243; 9,989738E-05; -4,135848)
(2,550095; 0,0001000166; -4,142405)
(2,509828; 9,989738E-05; -4,148462)
(2,469451; 0,0001000166; -4,154034)
(2,428972; 9,989738E-05; -4,159138)
(2,388398; 0,0001000166; -4,16379)
(2,347736; 9,989738E-05; -4,168005)
(2,306993; 0,0001000166; -4,171798)
(2,266174; 9,989738E-05; -4,175186)
(2,225284; 0,0001000166; -4,178182)
(2,184328; 9,989738E-05; -4,180801)
(2,14331; 0,0001000166; -4,183058)
(2,102235; 9,989738E-05; -4,184966)
(2,061105; 0,0001000166; -4,186539)
(2,019924; 9,989738E-05; -4,187791)
(1,978695; 0,0001000166; -4,188734)
(1,937421; 0,0001000166; -4,189381)
(1,896103; 9,989738E-05; -4,189744)
(1,854743; 0,0001000166; -4,189835)
(1,813344; 0,0001000166; -4,189666)
(1,771906; 9,989738E-05; -4,189249)
(1,730432; 0,0001000166; -4,188593)
(1,688921; 0,0001000166; -4,187711)
(1,647376; 9,989738E-05; -4,186611)
(1,605797; 0,0001000166; -4,185305)
(1,564184; 0,0001000166; -4,183801)
(1,522539; 9,989738E-05; -4,182109)
(1,480861; 0,0001000166; -4,180239)
(1,439151; 0,0001000166; -4,178199)
(1,39741; 9,989738E-05; -4,175997)
(1,355636; 0,0001000166; -4,173642)
(1,313831; 0,0001000166; -4,171141)
(1,271995; 9,989738E-05; -4,168502)
(1,230127; 0,0001000166; -4,165732)
(1,188227; 0,0001000166; -4,162839)
(1,146295; 9,989738E-05; -4,159829)
(1,104331; 9,989738E-05; -4,156708)
(1,062335; 0,0001000166; -4,153483)
(1,020306; 0,0001000166; -4,15016)
(0,9782729; 9,989738E-05; -4,146418)
(0,9362375; 0,0001000166; -4,142268)
(0,8942028; 0,0001000166; -4,137722)
(0,8521712; 9,989738E-05; -4,132792)
(0,8101448; 0,0001000166; -4,127489)
(0,7681253; 0,0001000166; -4,121823)
(0,7261144; 9,989738E-05; -4,115805)
(0,6841134; 0,0001000166; -4,109446)
(0,6421235; 0,0001000166; -4,102755)
(0,6001455; 9,989738E-05; -4,095741)
(0,5581803; 0,0001000166; -4,088416)
(0,5162284; 0,0001000166; -4,080788)
(0,4742903; 9,989738E-05; -4,072866)
(0,4323664; 0,0001000166; -4,064659)
(0,3904567; 0,0001000166; -4,056175)
(0,3485614; 9,989738E-05; -4,047423)
(0,3066803; 0,0001000166; -4,03841)
(0,2648134; 0,0001000166; -4,029145)
(0,2229604; 9,989738E-05; -4,019636)
(0,181121; 0,0001000166; -4,009889)
(0,1392948; 0,0001000166; -3,999911)
(0,09748139; 9,989738E-05; -3,98971)
(0,0556802; 9,989738E-05; -3,979293)
(0,01389069; 0,0001000166; -3,968665)
(-0,02788775; 0,0001000166; -3,957833)
(-0,06965575; 9,989738E-05; -3,946803)
(-0,111414; 9,989738E-05; -3,935582)
(-0,1531632; 0,0001000166; -3,924174)
(-0,1949041; 0,0001000166; -3,912585)
(-0,2366374; 9,989738E-05; -3,90082)
(-0,2783638; 9,989738E-05; -3,888885)
(-0,3200842; 0,0001000166; -3,876785)
(-0,3617994; 0,0001000166; -3,864523)
(-0,40351; 9,989738E-05; -3,852106)
(-0,4452169; 9,989738E-05; -3,839536)
(-0,4869209; 0,0001000166; -3,826819)
(-0,5286227; 0,0001000166; -3,813959)
(-0,5703232; 9,989738E-05; -3,800959)
(-0,6120229; 9,989738E-05; -3,787823)
(-0,6537229; 0,0001000166; -3,774555)
(-0,6954236; 0,0001000166; -3,761159)
(-0,7371259; 9,989738E-05; -3,747637)
(-0,7788305; 9,989738E-05; -3,733992)
(-0,8205379; 0,0001000166; -3,720229)
(-0,862249; 0,0001000166; -3,706349)
(-0,9039644; 9,989738E-05; -3,692356)
(-0,9456846; 9,989738E-05; -3,678252)
(-0,9874102; 0,0001000166; -3,664039)
(-1,029142; 0,0001000166; -3,64972)
(-1,07088; 9,989738E-05; -3,635298)
(-1,112611; 9,989738E-05; -3,620733)
(-1,154336; 0,0001000166; -3,606028)
(-1,196054; 0,0001000166; -3,591187)
(-1,237767; 9,989738E-05; -3,576211)
(-1,279475; 9,989738E-05; -3,561103)
(-1,321178; 0,0001000166; -3,545865)
(-1,362878; 0,0001000166; -3,5305)
(-1,404573; 9,989738E-05; -3,51501)
(-1,446265; 9,989738E-05; -3,499397)
(-1,487954; 0,0001000166; -3,483662)
(-1,529641; 0,0001000166; -3,467808)
(-1,571326; 9,989738E-05; -3,451835)
(-1,613008; 9,989738E-05; -3,435746)
(-1,654689; 0,0001000166; -3,419542)
(-1,696369; 0,0001000166; -3,403225)
(-1,738047; 9,989738E-05; -3,386795)
(-1,779724; 9,989738E-05; -3,370253)
(-1,821401; 0,0001000166; -3,353601)
(-1,863076; 0,0001000166; -3,33684)
(-1,904751; 9,989738E-05; -3,31997)
(-1,946425; 0,0001000166; -3,302992)
(-1,988099; 9,989738E-05; -3,285907)
(-2,029772; 9,989738E-05; -3,268715)
(-2,071444; 0,0001000166; -3,251416)
(-2,113115; 0,0001000166; -3,234012)
(-2,154785; 9,989738E-05; -3,216501)
(-2,196454; 9,989738E-05; -3,198884)
(-2,238122; 0,0001000166; -3,181162)
(-2,279787; 0,0001000166; -3,163333)
(-2,321451; 9,989738E-05; -3,145399)
(-2,363112; 9,989738E-05; -3,127357)
(-2,404771; 0,0001000166; -3,109209)
(-2,446426; 0,0001000166; -3,090954)
(-2,488077; 9,989738E-05; -3,07259)
(-2,529724; 9,989738E-05; -3,054118)
(-2,571367; 0,0001000166; -3,035536)
(-2,613003; 0,0001000166; -3,016844)
(-2,654633; 9,989738E-05; -2,99804)
(-2,696256; 9,989738E-05; -2,979124)
(-2,737871; 0,0001000166; -2,960093)
(-2,779478; 0,0001000166; -2,940948)
(-2,821074; 9,989738E-05; -2,921686)
(-2,86266; 9,989738E-05; -2,902306)
(-2,904234; 0,0001000166; -2,882806)
(-2,945795; 0,0001000166; -2,863185)
(-2,987342; 9,989738E-05; -2,843441)
(-3,028873; 9,989738E-05; -2,82357)
(-3,070388; 0,0001000166; -2,803573)
(-3,111884; 0,0001000166; -2,783445)
(-3,15336; 9,989738E-05; -2,763186)
(-3,194914; 9,989738E-05; -2,742994)
(-3,236542; 0,0001000166; -2,722862)
(-3,27824; 0,0001000166; -2,702785)
(-3,320005; 9,989738E-05; -2,682756)
(-3,361835; 9,989738E-05; -2,662767)
(-3,403724; 0,0001000166; -2,642812)
(-3,445671; 0,0001000166; -2,622883)
(-3,487671; 9,989738E-05; -2,602974)
(-3,529721; 9,989738E-05; -2,583076)
(-3,571817; 0,0001000166; -2,563183)
(-3,613955; 0,0001000166; -2,543286)
(-3,656133; 9,989738E-05; -2,523377)
(-3,698345; 9,989738E-05; -2,503448)
(-3,740588; 0,0001000166; -2,483491)
(-3,782858; 0,0001000166; -2,463498)
(-3,825151; 9,989738E-05; -2,443459)
(-3,867462; 0,0001000166; -2,423365)
(-3,909787; 9,989738E-05; -2,403208)
(-3,952122; 0,0001000166; -2,382978)
(-3,994462; 0,0001000166; -2,362666)
(-4,036801; 9,989738E-05; -2,342262)
(-4,079136; 9,989738E-05; -2,321755)
(-4,121461; 0,0001000166; -2,301136)
(-4,16377; 0,0001000166; -2,280394)
(-4,206058; 9,989738E-05; -2,259519)
(-4,248319; 9,989738E-05; -2,238499)
(-4,290547; 0,0001000166; -2,217323)
(-4,332736; 0,0001000166; -2,195981)
(-4,374879; 9,989738E-05; -2,17446)
(-4,416969; 9,989738E-05; -2,152749)
(-4,459; 0,0001000166; -2,130836)
(-4,500963; 0,0001000166; -2,108707)
(-4,54285; 9,989738E-05; -2,086351)
(-4,584654; 9,989738E-05; -2,063756)
(-4,626366; 0,0001000166; -2,040907)
(-4,667977; 0,0001000166; -2,017792)
(-4,709477; 9,989738E-05; -1,994398)
(-4,750857; 9,989738E-05; -1,97071)
(-4,792106; 0,0001000166; -1,946716)
(-4,833212; 0,0001000166; -1,9224)
(-4,874166; 9,989738E-05; -1,897749)
(-4,914954; 9,989738E-05; -1,872749)
(-4,955564; 0,0001000166; -1,847386)
(-4,995983; 0,0001000166; -1,821644)
(-5,036197; 9,989738E-05; -1,79551)
(-5,076192; 9,989738E-05; -1,768969)
(-5,115952; 0,0001000166; -1,742006)
(-5,155461; 0,0001000166; -1,714607)
(-5,194703; 9,989738E-05; -1,686757)
(-5,23366; 9,989738E-05; -1,658442)
(-5,272315; 0,0001000166; -1,629649)
(-5,310263; 0,0001000166; -1,599866)
(-5,347473; 9,989738E-05; -1,569103)
(-5,383916; 9,989738E-05; -1,537374)
(-5,419559; 0,0001000166; -1,50469)
(-5,454373; 0,0001000166; -1,471066)
(-5,488327; 9,989738E-05; -1,436518)
(-5,52139; 9,989738E-05; -1,401062)
(-5,553535; 0,0001000166; -1,364717)
(-5,58473; 0,0001000166; -1,327503)
(-5,614949; 9,989738E-05; -1,28944)
(-5,644165; 9,989738E-05; -1,250552)
(-5,67235; 0,0001000166; -1,210861)
(-5,699481; 0,0001000166; -1,170394)
(-5,725532; 9,989738E-05; -1,129177)
(-5,750482; 9,989738E-05; -1,087237)
(-5,77431; 0,0001000166; -1,044604)
(-5,796996; 0,0001000166; -1,001307)
(-5,818523; 9,989738E-05; -0,9573786)
(-5,838876; 0,0001000166; -0,9128494)
(-5,858041; 9,989738E-05; -0,8677527)
(-5,876007; 9,989738E-05; -0,822122)
(-5,892763; 0,0001000166; -0,775991)
(-5,908304; 0,0001000166; -0,7293943)
(-5,922625; 9,989738E-05; -0,6823662)
(-5,935722; 9,989738E-05; -0,6349415)
(-5,947596; 0,0001000166; -0,5871545)
(-5,958248; 0,0001000166; -0,5390396)
(-5,967684; 9,989738E-05; -0,4906306)
(-5,97591; 9,989738E-05; -0,4419608)
(-5,982935; 0,0001000166; -0,3930627)
(-5,98877; 0,0001000166; -0,3439682)
(-5,993428; 9,989738E-05; -0,2947078)
(-5,996924; 9,989738E-05; -0,2453113)
(-5,999276; 0,0001000166; -0,1958071)
(-6,000501; 0,0001000166; -0,1462222)
(-5,994399; 0,0001000166; -0,09695855)
(-5,981246; 9,989738E-05; -0,04905125)
(-5,961462; 0,0001000166; -0,0034367)
(-5,935585; 9,989738E-05; 0,03906493)
(-5,904236; 0,0001000166; 0,07776036)
(-5,868102; 9,989738E-05; 0,1120873)
(-5,827899; 0,0001000166; 0,141613)
(-5,784357; 9,989738E-05; 0,1660276)
(-5,738195; 0,0001000166; 0,1851349)
(-5,69011; 9,989738E-05; 0,1988404)
(-5,640762; 0,0001000166; 0,2071383)
(-5,59077; 9,989738E-05; 0,2100981)
(-5,5407; 0,0001000166; 0,2078523)
(-5,490861; 0,0001000166; 0,2021876)
(-5,44133; 9,989738E-05; 0,1940176)
(-5,391577; 0,0001000166; 0,1870373)
(-5,34164; 0,0001000166; 0,1811733)
(-5,291551; 0,0001000166; 0,176355)
(-5,241338; 0,0001000166; 0,1725147)
(-5,191023; 9,989738E-05; 0,1695873)
(-5,140625; 0,0001000166; 0,1675111)
(-5,090174; 0,0001000166; 0,1658051)
(-5,039685; 9,989738E-05; 0,1640372)
(-4,989158; 0,0001000166; 0,1622085)
(-4,938593; 0,0001000166; 0,1603201)
(-4,887981; 9,989738E-05; 0,1586152)
(-4,837332; 0,0001000166; 0,1568481)
(-4,786645; 0,0001000166; 0,1550198)
(-4,73592; 9,989738E-05; 0,1531315)
(-4,685149; 0,0001000166; 0,151426)
(-4,634339; 0,0001000166; 0,1496579)
(-4,583492; 9,989738E-05; 0,1478284)
(-4,532607; 0,0001000166; 0,1459387)
(-4,481675; 0,0001000166; 0,1442358)
(-4,430706; 9,989738E-05; 0,1424701)
(-4,379698; 0,0001000166; 0,1406426)
(-4,328653; 0,0001000166; 0,1387545)
(-4,277561; 9,989738E-05; 0,1370531)
(-4,226431; 0,0001000166; 0,1352886)
(-4,175264; 0,0001000166; 0,133462)
(-4,124059; 9,989738E-05; 0,1315744)
(-4,072807; 0,0001000166; 0,1298747)
(-4,021517; 0,0001000166; 0,1281114)
(-3,970189; 9,989738E-05; 0,1262858)
(-3,918823; 0,0001000166; 0,1243989)
(-3,867411; 0,0001000166; 0,1227027)
(-3,815961; 9,989738E-05; 0,1209426)
(-3,764473; 0,0001000166; 0,1191198)
(-3,712948; 0,0001000166; 0,1172354)
(-3,661377; 9,989738E-05; 0,1154979)
(-3,609768; 9,989738E-05; 0,113697)
(-3,558121; 0,0001000166; 0,1118339)
(-3,506431; 0,0001000166; 0,1100878)
(-3,454702; 9,989738E-05; 0,1082781)
(-3,402936; 0,0001000166; 0,1064062)
(-3,351126; 0,0001000166; 0,104626)
(-3,299279; 9,989738E-05; 0,1027827)
(-3,247394; 0,0001000166; 0,1008775)
(-3,195466; 0,0001000166; 0,0990427)
(-3,1435; 9,989738E-05; 0,09714568)
(-3,091493; 0,0001000166; 0,09530593)
(-3,039443; 0,0001000166; 0,09351636)
(-2,987356; 9,989738E-05; 0,09166351)
(-2,935227; 0,0001000166; 0,08984998)
(-2,883061; 0,0001000166; 0,08797349)
(-2,830845; 9,989738E-05; 0,08636727)
(-2,778585; 0,0001000166; 0,08493472)
(-2,72628; 0,0001000166; 0,08367259)
(-2,673933; 9,989738E-05; 0,08249929)
(-2,621544; 0,0001000166; 0,08141714)
(-2,569113; 0,0001000166; 0,08042827)
(-2,51664; 9,989738E-05; 0,07953454)
(-2,464126; 0,0001000166; 0,07873764)
(-2,411571; 0,0001000166; 0,07803901)
(-2,358974; 9,989738E-05; 0,07743996)
(-2,306336; 0,0001000166; 0,07694156)
(-2,253657; 0,0001000166; 0,07654478)
(-2,200938; 9,989738E-05; 0,07625039)
(-2,148178; 0,0001000166; 0,07605901)
(-2,095378; 0,0001000166; 0,07597113)
(-2,042537; 0,0001000166; 0,07598713)
(-1,989657; 9,989738E-05; 0,07610726)
(-1,936738; 0,0001000166; 0,07633163)
(-1,883778; 9,989738E-05; 0,07666028)
(-1,83078; 0,0001000166; 0,07709315)
(-1,777742; 9,989738E-05; 0,07763008)
(-1,724666; 0,0001000166; 0,07827082)
(-1,671551; 9,989738E-05; 0,07901505)
(-1,618397; 0,0001000166; 0,07986236)
(-1,565206; 9,989738E-05; 0,08081229)
(-1,511976; 0,0001000166; 0,08186431)
(-1,458708; 9,989738E-05; 0,08301784)
(-1,405403; 0,0001000166; 0,08427224)
(-1,35206; 9,989738E-05; 0,08562681)
(-1,298679; 0,0001000166; 0,08708083)
(-1,245261; 9,989738E-05; 0,08863354)
(-1,191807; 0,0001000166; 0,09028409)
(-1,138315; 9,989738E-05; 0,09203165)
(-1,084786; 0,0001000166; 0,09387533)
(-1,031221; 9,989738E-05; 0,09581424)
(-0,9776195; 0,0001000166; 0,09784742)
(-0,9239814; 9,989738E-05; 0,09997392)
(-0,8703069; 0,0001000166; 0,1021928)
(-0,8165963; 9,989738E-05; 0,1045029)
(-0,7628496; 0,0001000166; 0,1069034)
(-0,709067; 9,989738E-05; 0,1093932)
(-0,6552484; 0,0001000166; 0,1119713)
(-0,601394; 9,989738E-05; 0,1146365)
(-0,5475039; 0,0001000166; 0,1173879)
(-0,4935782; 9,989738E-05; 0,1202244)
(-0,4396169; 0,0001000166; 0,1231448)
(-0,3856201; 9,989738E-05; 0,1261482)
(-0,3315878; 0,0001000166; 0,1292334)
(-0,2775201; 9,989738E-05; 0,1323993)
(-0,2234171; 0,0001000166; 0,1356448)
(-0,1692903; 9,989738E-05; 0,1391524)
(-0,1151407; 0,0001000166; 0,1429175)
(-0,06096925; 9,989738E-05; 0,1469355)
(-0,006776627; 0,0001000166; 0,1512019)
(0,04743639; 9,989738E-05; 0,1557119)
(0,1016691; 9,989738E-05; 0,1604611)
(0,155921; 9,989738E-05; 0,1654448)
(0,2101915; 9,989738E-05; 0,1706584)
(0,26448; 9,989738E-05; 0,1760973)
(0,3187862; 9,989738E-05; 0,1817569)
(0,3731097; 9,989738E-05; 0,1876328)
(0,42745; 9,989738E-05; 0,1937206)
(0,481807; 9,989738E-05; 0,2000159)
(0,5361804; 9,989738E-05; 0,2065144)
(0,5905699; 9,989738E-05; 0,2132118)
(0,6449754; 9,989738E-05; 0,2201039)
(0,6993968; 9,989738E-05; 0,2271867)
(0,7538339; 9,989738E-05; 0,2344559)
(0,8082867; 9,989738E-05; 0,2419075)
(0,8627552; 9,989738E-05; 0,2495374)
(0,9172395; 9,989738E-05; 0,2573418)
(0,9717394; 9,989738E-05; 0,2653167)
(1,026255; 9,989738E-05; 0,273458)
(1,080787; 9,989738E-05; 0,2817621)
(1,135335; 9,989738E-05; 0,290225)
(1,189899; 9,989738E-05; 0,298843)
(1,244479; 9,989738E-05; 0,3076121)
(1,299076; 9,989738E-05; 0,3165286)
(1,35369; 9,989738E-05; 0,3255889)
(1,408321; 9,989738E-05; 0,334789)
(1,46297; 9,989738E-05; 0,3441252)
(1,517636; 9,989738E-05; 0,3535939)
(1,572321; 9,989738E-05; 0,3631912)
(1,627024; 9,989738E-05; 0,3729133)
(1,681746; 9,989738E-05; 0,3827565)
(1,736487; 9,989738E-05; 0,392717)
(1,791249; 9,989738E-05; 0,4027911)
(1,846031; 9,989738E-05; 0,4129748)
(1,900833; 9,989738E-05; 0,4232643)
(1,955658; 9,989738E-05; 0,4336557)
(2,010504; 0,0001000166; 0,4441451)
(2,065373; 0,0001000166; 0,4547284)
(2,120265; 9,989738E-05; 0,4654016)
(2,175182; 9,989738E-05; 0,4761607)
(2,230123; 9,989738E-05; 0,4870013)
(2,285089; 9,989738E-05; 0,4979192)
(2,340082; 9,989738E-05; 0,5089101)
(2,395102; 9,989738E-05; 0,5199695)
(2,45015; 9,989738E-05; 0,5310929)
(2,505226; 9,989738E-05; 0,5422755)
(2,56044; 9,989738E-05; 0,5529723)
(2,615786; 9,989738E-05; 0,5631875)
(2,671258; 9,989738E-05; 0,572925)
(2,726852; 9,989738E-05; 0,5821886)
(2,782563; 9,989738E-05; 0,5909817)
(2,838386; 9,989738E-05; 0,5993074)
(2,894316; 9,989738E-05; 0,6071684)
(2,95035; 9,989738E-05; 0,6145673)
(3,006484; 9,989738E-05; 0,6215059)
(3,062712; 9,989738E-05; 0,6279861)
(3,119031; 9,989738E-05; 0,634009)
(3,175437; 9,989738E-05; 0,6395757)
(3,231927; 9,989738E-05; 0,6446865)
(3,288496; 9,989738E-05; 0,6493415)
(3,345141; 9,989738E-05; 0,6535403)
(3,401858; 9,989738E-05; 0,6572818)
(3,458644; 9,989738E-05; 0,6605648)
(3,515494; 9,989738E-05; 0,6633871)
(3,572406; 9,989738E-05; 0,6657464)
(3,629375; 0,0001000166; 0,6676394)
(3,686398; 9,989738E-05; 0,6690627)
(3,74347; 0,0001000166; 0,6700118)
(3,800589; 9,989738E-05; 0,6704816)
(3,857749; 9,989738E-05; 0,6704668)
(3,914947; 9,989738E-05; 0,6699607)
(3,972179; 9,989738E-05; 0,6689564)
(4,029439; 0,0001000166; 0,6674459)
(4,086724; 0,0001000166; 0,6654205)
(4,144028; 0,0001000166; 0,6628706)
(4,201345; 0,0001000166; 0,6597859)
(4,258671; 0,0001000166; 0,6561549)
(4,315999; 0,0001000166; 0,6519653)
(4,373322; 0,0001000166; 0,6472038)
(4,430633; 0,0001000166; 0,641856)
(4,487925; 0,0001000166; 0,6359063)
(4,54519; 0,0001000166; 0,6293382)
(4,602419; 0,0001000166; 0,622134)
(4,659602; 0,0001000166; 0,6142746)
(4,716728; 0,0001000166; 0,60574)
(4,773787; 0,0001000166; 0,5965084)
(4,830765; 0,0001000166; 0,5865572)
(4,887649; 0,0001000166; 0,5758622)
(4,944423; 0,0001000166; 0,5643978)
(5,001072; 0,0001000166; 0,5521371)
(5,057577; 0,0001000166; 0,5390518)
(5,113919; 0,0001000166; 0,5251121)
(5,170075; 0,0001000166; 0,5102868)
(5,226023; 0,0001000166; 0,4945434)
(5,281735; 0,0001000166; 0,477848)
(5,337185; 0,0001000166; 0,4601653)
(5,392421; 0,0001000166; 0,441701)
(5,447416; 0,0001000166; 0,4224102)
(5,50214; 9,989738E-05; 0,4022463)
(5,556559; 9,989738E-05; 0,3811617)
(5,610635; 9,989738E-05; 0,3591073)
(5,664327; 9,989738E-05; 0,3360332)
(5,717591; 9,989738E-05; 0,3118886)
(5,770376; 9,989738E-05; 0,286622)
(5,822628; 9,989738E-05; 0,260182)
(5,874287; 9,989738E-05; 0,2325169)
(5,925288; 9,989738E-05; 0,2035759)
(5,97556; 9,989738E-05; 0,1733091)
(6,025027; 0,0001000166; 0,1416682)
(6,073605; 0,0001000166; 0,1086075)
(6,121203; 0,0001000166; 0,07408424)
(6,167727; 0,0001000166; 0,03805972)
(6,213072; 0,0001000166; 0,0005001314)
(6,25713; 0,0001000166; -0,03862234)
(6,299783; 9,989738E-05; -0,07932851)
(6,340912; 0,0001000166; -0,121631)
(6,380388; 0,0001000166; -0,1655331)
(6,418081; 9,989738E-05; -0,2110275)
(6,453856; 0,0001000166; -0,2580954)
(6,487576; 0,0001000166; -0,3067052)
(6,519105; 9,989738E-05; -0,3568118)
(6,548306; 0,0001000166; -0,4083557)
(6,575045; 0,0001000166; -0,4612628)
(6,599197; 9,989738E-05; -0,515444)
(6,620643; 0,0001000166; -0,5707954)
(6,639271; 0,0001000166; -0,6271993)
(6,654986; 9,989738E-05; -0,6845247)
(6,667706; 0,0001000166; -0,7426292)
(6,677366; 0,0001000166; -0,8013608)
(6,683917; 9,989738E-05; -0,8605599)
(6,687333; 0,0001000166; -0,9200625)
(6,687608; 9,989738E-05; -0,9797024)
(6,684756; 0,0001000166; -1,039315)
(6,678812; 9,989738E-05; -1,098739)
(6,669832; 9,989738E-05; -1,157821)
(6,65789; 0,0001000166; -1,216417)
(6,643078; 9,989738E-05; -1,274395)
(6,625504; 0,0001000166; -1,331639)
(6,605285; 9,989738E-05; -1,388045)
(6,582554; 0,0001000166; -1,44353)
(6,557449; 9,989738E-05; -1,498026)
(6,530115; 0,0001000166; -1,551484)
(6,500698; 9,989738E-05; -1,60387)
(6,469347; 0,0001000166; -1,655169)
(6,43621; 9,989738E-05; -1,705381)
(6,401433; 9,989738E-05; -1,75452)
(6,365156; 0,0001000166; -1,802613)
(6,325622; 9,989738E-05; -1,848118)
(6,283151; 0,0001000166; -1,890954)
(6,238059; 9,989738E-05; -1,931079)
(6,190642; 9,989738E-05; -1,968495)
(6,141185; 0,0001000166; -2,003237)
(6,089947; 9,989738E-05; -2,035371)
(6,037167; 0,0001000166; -2,064985)
(5,983059; 9,989738E-05; -2,092188)
(5,927817; 0,0001000166; -2,117102)
(5,87161; 9,989738E-05; -2,139862)
(5,814586; 0,0001000166; -2,160609)
(5,756875; 9,989738E-05; -2,179486)
(5,698586; 9,989738E-05; -2,19664)
(5,639814; 0,0001000166; -2,212218)
(5,580641; 9,989738E-05; -2,226361)
(5,521132; 0,0001000166; -2,239211)
(5,461344; 9,989738E-05; -2,250903)
(5,401323; 0,0001000166; -2,261567)
(5,341108; 9,989738E-05; -2,271328)
(5,280732; 0,0001000166; -2,280306)
(5,220218; 9,989738E-05; -2,288612)
(5,15959; 0,0001000166; -2,296354)
(5,098864; 9,989738E-05; -2,303633)
(5,038055; 9,989738E-05; -2,310542)
(4,977174; 0,0001000166; -2,317172)
(4,916232; 9,989738E-05; -2,323604)
(4,855237; 0,0001000166; -2,329917)
(4,794198; 9,989738E-05; -2,336184)
(4,733119; 0,0001000166; -2,342471)
(4,67201; 9,989738E-05; -2,348841)
(4,610875; 0,0001000166; -2,355353)
(4,549721; 9,989738E-05; -2,362059)
(4,488554; 0,0001000166; -2,369009)
(4,427381; 9,989738E-05; -2,37625)
(4,366207; 0,0001000166; -2,383822)
(4,305039; 9,989738E-05; -2,391765)
(4,243886; 0,0001000166; -2,400112)
(4,182753; 9,989738E-05; -2,408897)
(4,121649; 0,0001000166; -2,418147)
(4,06058; 9,989738E-05; -2,427889)
(3,999556; 0,0001000166; -2,438146)
(3,938583; 9,989738E-05; -2,448939)
(3,87767; 0,0001000166; -2,460286)
(3,816826; 9,989738E-05; -2,472204)
