(-2,167; 0; -1,33)
(-2,167; 0,0001000166; -1,33)
(-2,155355; 0,0001000166; -1,31374)
(-2,143628; 9,989738E-05; -1,297539)
(-2,131819; 0,0001000166; -1,281397)
(-2,119933; 9,989738E-05; -1,265313)
(-2,107969; 0,0001000166; -1,249285)
(-2,095932; 9,989738E-05; -1,233313)
(-2,083822; 0,0001000166; -1,217396)
(-2,071643; 9,989738E-05; -1,201532)
(-2,059395; 0,0001000166; -1,185721)
(-2,047081; 9,989738E-05; -1,169962)
(-2,034702; 0,0001000166; -1,154253)
(-2,022261; 9,989738E-05; -1,138593)
(-2,009759; 0,0001000166; -1,122983)
(-1,997198; 9,989738E-05; -1,107419)
(-1,984579; 0,0001000166; -1,091903)
(-1,971904; 9,989738E-05; -1,076432)
(-1,959175; 0,0001000166; -1,061006)
(-1,946392; 9,989738E-05; -1,045624)
(-1,933559; 0,0001000166; -1,030284)
(-1,920675; 9,989738E-05; -1,014987)
(-1,907742; 0,0001000166; -0,9997308)
(-1,894763; 9,989738E-05; -0,9845148)
(-1,881737; 0,0001000166; -0,9693383)
(-1,868666; 9,989738E-05; -0,9542003)
(-1,855552; 0,0001000166; -0,9391)
(-1,842396; 9,989738E-05; -0,9240365)
(-1,829198; 0,0001000166; -0,9090091)
(-1,81596; 9,989738E-05; -0,894017)
(-1,802684; 0,0001000166; -0,8790593)
(-1,789369; 9,989738E-05; -0,8641354)
(-1,776018; 0,0001000166; -0,8492444)
(-1,762631; 9,989738E-05; -0,8343856)
(-1,749209; 0,0001000166; -0,8195582)
(-1,735753; 9,989738E-05; -0,8047616)
(-1,722264; 0,0001000166; -0,789995)
(-1,708743; 9,989738E-05; -0,7752578)
(-1,695191; 0,0001000166; -0,7605492)
(-1,681609; 9,989738E-05; -0,7458687)
(-1,667997; 0,0001000166; -0,7312154)
(-1,654356; 9,989738E-05; -0,7165889)
(-1,640688; 0,0001000166; -0,7019884)
(-1,626992; 9,989738E-05; -0,6874134)
(-1,61327; 0,0001000166; -0,6728632)
(-1,599523; 9,989738E-05; -0,6583373)
(-1,58575; 0,0001000166; -0,6438351)
(-1,571953; 9,989738E-05; -0,6293559)
(-1,558133; 0,0001000166; -0,6148993)
(-1,544289; 9,989738E-05; -0,6004647)
(-1,530423; 0,0001000166; -0,5860516)
(-1,516536; 9,989738E-05; -0,5716593)
(-1,502579; 0,0001000166; -0,5573346)
(-1,488554; 9,989738E-05; -0,5430762)
(-1,474463; 0,0001000166; -0,5288829)
(-1,460308; 9,989738E-05; -0,5147536)
(-1,44609; 0,0001000166; -0,5006872)
(-1,431812; 9,989738E-05; -0,4866827)
(-1,417474; 0,0001000166; -0,4727388)
(-1,403079; 9,989738E-05; -0,4588546)
(-1,388627; 0,0001000166; -0,445029)
(-1,374121; 9,989738E-05; -0,4312608)
(-1,359561; 0,0001000166; -0,4175491)
(-1,344949; 9,989738E-05; -0,4038928)
(-1,330287; 0,0001000166; -0,3902909)
(-1,315575; 9,989738E-05; -0,3767423)
(-1,300815; 0,0001000166; -0,3632461)
(-1,286008; 9,989738E-05; -0,3498013)
(-1,271156; 0,0001000166; -0,336407)
(-1,256259; 9,989738E-05; -0,3230621)
(-1,241319; 0,0001000166; -0,3097657)
(-1,226337; 9,989738E-05; -0,296517)
(-1,211313; 0,0001000166; -0,2833149)
(-1,19625; 9,989738E-05; -0,2701586)
(-1,181147; 0,0001000166; -0,2570472)
(-1,166006; 9,989738E-05; -0,2439798)
(-1,150828; 0,0001000166; -0,2309556)
(-1,135614; 9,989738E-05; -0,2179737)
(-1,120365; 0,0001000166; -0,2050332)
(-1,105081; 9,989738E-05; -0,1921335)
(-1,089764; 0,0001000166; -0,1792736)
(-1,074413; 9,989738E-05; -0,1664528)
(-1,059031; 0,0001000166; -0,1536703)
(-1,043618; 9,989738E-05; -0,1409253)
(-1,028175; 0,0001000166; -0,128217)
(-1,012702; 9,989738E-05; -0,1155448)
(-0,9971997; 0,0001000166; -0,102908)
(-0,9816697; 9,989738E-05; -0,09030568)
(-0,9661122; 0,0001000166; -0,07773729)
(-0,9505279; 9,989738E-05; -0,06520212)
(-0,9349175; 0,0001000166; -0,05269948)
(-0,9192817; 9,989738E-05; -0,04022871)
(-0,903621; 0,0001000166; -0,02778917)
(-0,887936; 9,989738E-05; -0,01538022)
(-0,8722274; 0,0001000166; -0,003001228)
(-0,8564957; 9,989738E-05; 0,00934842)
(-0,8407415; 0,0001000166; 0,02166933)
(-0,8249653; 9,989738E-05; 0,03396208)
(-0,8091676; 0,0001000166; 0,04622726)
(-0,7933491; 9,989738E-05; 0,05846544)
(-0,7775101; 0,0001000166; 0,07067718)
(-0,7616512; 9,989738E-05; 0,082863)
(-0,7458022; 0,0001000166; 0,0950617)
(-0,7299628; 9,989738E-05; 0,107273)
(-0,7141331; 0,0001000166; 0,1194968)
(-0,6983128; 9,989738E-05; 0,1317327)
(-0,6825019; 0,0001000166; 0,1439807)
(-0,6667; 9,989738E-05; 0,1562405)
(-0,6509072; 0,0001000166; 0,1685118)
(-0,6351232; 9,989738E-05; 0,1807946)
(-0,6193479; 0,0001000166; 0,1930885)
(-0,6035812; 9,989738E-05; 0,2053935)
(-0,587823; 0,0001000166; 0,2177092)
(-0,5720731; 9,989738E-05; 0,2300356)
(-0,5563313; 9,989738E-05; 0,2423724)
(-0,5405976; 0,0001000166; 0,2547195)
(-0,5248718; 9,989738E-05; 0,2670766)
(-0,5091537; 0,0001000166; 0,2794436)
(-0,4934433; 9,989738E-05; 0,2918202)
(-0,4777403; 0,0001000166; 0,3042064)
(-0,4620447; 9,989738E-05; 0,316602)
(-0,4463564; 0,0001000166; 0,3290067)
(-0,4306752; 9,989738E-05; 0,3414204)
(-0,415001; 0,0001000166; 0,3538429)
(-0,3993337; 9,989738E-05; 0,3662741)
(-0,3836731; 0,0001000166; 0,3787138)
(-0,3680191; 9,989738E-05; 0,3911618)
(-0,3523716; 0,0001000166; 0,4036179)
(-0,3367305; 9,989738E-05; 0,4160821)
(-0,3210956; 0,0001000166; 0,4285541)
(-0,3054668; 9,989738E-05; 0,4410337)
(-0,2898441; 0,0001000166; 0,4535209)
(-0,2742272; 9,989738E-05; 0,4660154)
(-0,2586161; 0,0001000166; 0,4785171)
(-0,2430106; 9,989738E-05; 0,4910259)
(-0,2274107; 0,0001000166; 0,5035416)
(-0,2118161; 9,989738E-05; 0,516064)
(-0,1962269; 0,0001000166; 0,5285929)
(-0,1806428; 9,989738E-05; 0,5411284)
(-0,1650638; 0,0001000166; 0,5536701)
(-0,1494898; 9,989738E-05; 0,566218)
(-0,1339206; 0,0001000166; 0,5787718)
(-0,1183561; 9,989738E-05; 0,5913315)
(-0,1027962; 0,0001000166; 0,6038969)
(-0,08724076; 9,989738E-05; 0,6164679)
(-0,07168974; 0,0001000166; 0,6290443)
(-0,05614299; 9,989738E-05; 0,641626)
(-0,04060042; 0,0001000166; 0,6542128)
(-0,02506189; 9,989738E-05; 0,6668047)
(-0,009527315; 0,0001000166; 0,6794014)
(0,006003417; 9,989738E-05; 0,6920028)
(0,02153042; 9,989738E-05; 0,7046089)
(0,03705379; 9,989738E-05; 0,7172194)
(0,0526998; 9,989738E-05; 0,7296774)
(0,06846458; 9,989738E-05; 0,7419848)
(0,08434439; 9,989738E-05; 0,7541434)
(0,1003356; 9,989738E-05; 0,7661551)
(0,1164347; 9,989738E-05; 0,7780219)
(0,1326382; 9,989738E-05; 0,7897455)
(0,148943; 9,989738E-05; 0,8013281)
(0,1653458; 9,989738E-05; 0,8127713)
(0,1818435; 9,989738E-05; 0,8240773)
(0,1984332; 9,989738E-05; 0,8352479)
(0,2151119; 9,989738E-05; 0,8462851)
(0,231877; 9,989738E-05; 0,8571907)
(0,2487256; 9,989738E-05; 0,8679668)
(0,2656553; 9,989738E-05; 0,8786151)
(0,2826634; 9,989738E-05; 0,8891376)
(0,2997476; 9,989738E-05; 0,8995363)
(0,3169054; 9,989738E-05; 0,9098128)
(0,3341347; 9,989738E-05; 0,9199693)
(0,3514331; 9,989738E-05; 0,9300074)
(0,3687986; 9,989738E-05; 0,9399291)
(0,3862291; 9,989738E-05; 0,9497361)
(0,4037226; 9,989738E-05; 0,9594302)
(0,4212772; 9,989738E-05; 0,9690133)
(0,4388911; 9,989738E-05; 0,9784872)
(0,4565623; 9,989738E-05; 0,9878535)
(0,4742892; 9,989738E-05; 0,997114)
(0,49207; 9,989738E-05; 1,00627)
(0,5099033; 9,989738E-05; 1,015324)
(0,5277873; 9,989738E-05; 1,024278)
(0,5457206; 9,989738E-05; 1,033132)
(0,5637017; 9,989738E-05; 1,041889)
(0,5817291; 9,989738E-05; 1,05055)
(0,5998015; 9,989738E-05; 1,059116)
(0,6179176; 9,989738E-05; 1,06759)
(0,636076; 9,989738E-05; 1,075973)
(0,6542755; 9,989738E-05; 1,084266)
(0,672515; 9,989738E-05; 1,092471)
(0,6907932; 9,989738E-05; 1,10059)
(0,7091089; 9,989738E-05; 1,108623)
(0,7274613; 9,989738E-05; 1,116572)
(0,7458491; 9,989738E-05; 1,124439)
(0,7642714; 9,989738E-05; 1,132225)
(0,7827271; 9,989738E-05; 1,139931)
(0,8012154; 9,989738E-05; 1,147559)
(0,8197352; 9,989738E-05; 1,15511)
(0,8382857; 9,989738E-05; 1,162585)
(0,8568661; 9,989738E-05; 1,169986)
(0,8754754; 9,989738E-05; 1,177313)
(0,8941129; 9,989738E-05; 1,184569)
(0,9127779; 9,989738E-05; 1,191754)
(0,9314695; 9,989738E-05; 1,198869)
(0,9500988; 9,989738E-05; 1,206145)
(0,9686657; 9,989738E-05; 1,21358)
(0,9871702; 9,989738E-05; 1,221168)
(1,005612; 9,989738E-05; 1,228906)
(1,023993; 9,989738E-05; 1,236791)
(1,042311; 9,989738E-05; 1,244819)
(1,060567; 9,989738E-05; 1,252987)
(1,078762; 9,989738E-05; 1,26129)
(1,096896; 9,989738E-05; 1,269726)
(1,114968; 9,989738E-05; 1,278292)
(1,132981; 9,989738E-05; 1,286984)
(1,150934; 9,989738E-05; 1,295799)
(1,168827; 9,989738E-05; 1,304734)
(1,186661; 9,989738E-05; 1,313786)
(1,204437; 9,989738E-05; 1,322952)
(1,222155; 9,989738E-05; 1,33223)
(1,239815; 9,989738E-05; 1,341616)
(1,257419; 9,989738E-05; 1,351108)
(1,274967; 9,989738E-05; 1,360704)
(1,29246; 9,989738E-05; 1,3704)
(1,309897; 9,989738E-05; 1,380194)
(1,327281; 9,989738E-05; 1,390084)
(1,344612; 9,989738E-05; 1,400066)
(1,361889; 9,989738E-05; 1,41014)
(1,379115; 9,989738E-05; 1,420302)
(1,39629; 9,989738E-05; 1,430551)
(1,413414; 9,989738E-05; 1,440883)
(1,430489; 9,989738E-05; 1,451298)
(1,447514; 9,989738E-05; 1,461792)
(1,464492; 9,989738E-05; 1,472363)
(1,481422; 9,989738E-05; 1,483011)
(1,498306; 9,989738E-05; 1,493732)
(1,515144; 9,989738E-05; 1,504525)
(1,531936; 9,989738E-05; 1,515388)
(1,548685; 9,989738E-05; 1,526318)
(1,56539; 9,989738E-05; 1,537315)
(1,582053; 9,989738E-05; 1,548377)
(1,598674; 9,989738E-05; 1,559501)
(1,615254; 9,989738E-05; 1,570686)
(1,631794; 9,989738E-05; 1,58193)
(1,648294; 9,989738E-05; 1,593232)
(1,664756; 9,989738E-05; 1,60459)
(1,681181; 9,989738E-05; 1,616002)
(1,697568; 9,989738E-05; 1,627468)
(1,713919; 9,989738E-05; 1,638985)
(1,730235; 9,989738E-05; 1,650552)
(1,746516; 0,0001000166; 1,662167)
(1,762764; 9,989738E-05; 1,67383)
(1,778978; 9,989738E-05; 1,685538)
(1,795161; 9,989738E-05; 1,697291)
(1,811286; 9,989738E-05; 1,709123)
(1,827354; 9,989738E-05; 1,721031)
(1,843367; 0,0001000166; 1,733014)
(1,859325; 0,0001000166; 1,745069)
(1,875231; 9,989738E-05; 1,757194)
(1,891083; 9,989738E-05; 1,769388)
(1,906885; 9,989738E-05; 1,781648)
(1,922637; 9,989738E-05; 1,793972)
(1,938339; 9,989738E-05; 1,806359)
(1,953994; 9,989738E-05; 1,818806)
(1,969602; 9,989738E-05; 1,831312)
(1,985164; 9,989738E-05; 1,843875)
(2,000681; 9,989738E-05; 1,856493)
(2,016155; 9,989738E-05; 1,869164)
(2,031586; 9,989738E-05; 1,881888)
(2,046975; 9,989738E-05; 1,894661)
(2,062325; 9,989738E-05; 1,907483)
(2,077635; 9,989738E-05; 1,920352)
(2,092906; 9,989738E-05; 1,933266)
(2,108141; 9,989738E-05; 1,946224)
(2,123339; 9,989738E-05; 1,959224)
(2,138503; 9,989738E-05; 1,972265)
(2,153632; 9,989738E-05; 1,985346)
(2,168728; 9,989738E-05; 1,998464)
(2,183793; 9,989738E-05; 2,01162)
(2,198827; 9,989738E-05; 2,02481)
(2,213831; 9,989738E-05; 2,038034)
(2,228806; 9,989738E-05; 2,051291)
(2,243753; 9,989738E-05; 2,064579)
(2,258674; 9,989738E-05; 2,077897)
(2,27357; 9,989738E-05; 2,091244)
(2,28844; 9,989738E-05; 2,104618)
(2,303287; 9,989738E-05; 2,118018)
(2,318112; 9,989738E-05; 2,131443)
(2,332915; 0,0001000166; 2,144892)
(2,347697; 9,989738E-05; 2,158363)
(2,36246; 9,989738E-05; 2,171856)
(2,377204; 9,989738E-05; 2,185369)
(2,391932; 9,989738E-05; 2,198901)
(2,406642; 9,989738E-05; 2,212451)
(2,421337; 9,989738E-05; 2,226018)
(2,436017; 9,989738E-05; 2,2396)
(2,450684; 9,989738E-05; 2,253197)
(2,465339; 9,989738E-05; 2,266808)
(2,479905; 9,989738E-05; 2,280512)
(2,494385; 9,989738E-05; 2,294309)
(2,508777; 9,989738E-05; 2,308197)
(2,523083; 9,989738E-05; 2,322173)
(2,537302; 9,989738E-05; 2,336238)
(2,551436; 9,989738E-05; 2,350388)
(2,565484; 9,989738E-05; 2,364624)
(2,579576; 9,989738E-05; 2,378816)
(2,593712; 9,989738E-05; 2,392964)
(2,607888; 9,989738E-05; 2,407072)
(2,622104; 9,989738E-05; 2,421141)
(2,636356; 9,989738E-05; 2,435171)
(2,650644; 9,989738E-05; 2,449166)
(2,664966; 9,989738E-05; 2,463127)
(2,679319; 9,989738E-05; 2,477054)
(2,693702; 9,989738E-05; 2,490951)
(2,708114; 0,0001000166; 2,504818)
(2,722553; 9,989738E-05; 2,518658)
(2,737016; 9,989738E-05; 2,532471)
(2,751502; 9,989738E-05; 2,546261)
(2,766011; 9,989738E-05; 2,560027)
(2,780539; 9,989738E-05; 2,573772)
(2,795085; 9,989738E-05; 2,587498)
(2,809649; 9,989738E-05; 2,601206)
(2,824228; 9,989738E-05; 2,614897)
(2,83882; 9,989738E-05; 2,628574)
(2,853425; 9,989738E-05; 2,642238)
(2,86804; 9,989738E-05; 2,655891)
(2,882797; 9,989738E-05; 2,669391)
(2,897692; 9,989738E-05; 2,682737)
(2,912723; 9,989738E-05; 2,695931)
(2,927886; 9,989738E-05; 2,708972)
(2,94318; 9,989738E-05; 2,72186)
(2,9586; 9,989738E-05; 2,734596)
(2,974145; 9,989738E-05; 2,74718)
(2,989812; 9,989738E-05; 2,759612)
(3,005598; 0,0001000166; 2,771892)
(3,021502; 9,989738E-05; 2,784019)
(3,03752; 9,989738E-05; 2,795995)
(3,05365; 0,0001000166; 2,80782)
(3,069891; 9,989738E-05; 2,819492)
(3,086239; 9,989738E-05; 2,831013)
(3,102694; 9,989738E-05; 2,842381)
(3,119252; 9,989738E-05; 2,853599)
(3,135912; 9,989738E-05; 2,864664)
(3,152672; 9,989738E-05; 2,875577)
(3,169531; 9,989738E-05; 2,886338)
(3,186485; 9,989738E-05; 2,896946)
(3,203534; 9,989738E-05; 2,907403)
(3,220676; 9,989738E-05; 2,917706)
(3,237909; 9,989738E-05; 2,927856)
(3,255231; 9,989738E-05; 2,937853)
(3,272641; 9,989738E-05; 2,947696)
(3,290138; 9,989738E-05; 2,957386)
(3,307719; 9,989738E-05; 2,96692)
(3,325383; 0,0001000166; 2,9763)
(3,343128; 9,989738E-05; 2,985524)
(3,360986; 9,989738E-05; 2,994529)
(3,378953; 9,989738E-05; 3,003316)
(3,397024; 9,989738E-05; 3,011885)
(3,415198; 9,989738E-05; 3,020234)
(3,43347; 9,989738E-05; 3,028365)
(3,451839; 9,989738E-05; 3,036277)
(3,4703; 0,0001000166; 3,043971)
(3,488851; 9,989738E-05; 3,051445)
(3,507489; 9,989738E-05; 3,0587)
(3,526211; 9,989738E-05; 3,065735)
(3,545013; 9,989738E-05; 3,072551)
(3,563894; 9,989738E-05; 3,079148)
(3,58285; 9,989738E-05; 3,085524)
(3,60188; 9,989738E-05; 3,09168)
(3,620979; 9,989738E-05; 3,097615)
(3,640145; 9,989738E-05; 3,103329)
(3,659376; 9,989738E-05; 3,108821)
(3,678669; 0,0001000166; 3,114092)
(3,698021; 9,989738E-05; 3,11914)
(3,717431; 9,989738E-05; 3,123965)
(3,736894; 9,989738E-05; 3,128567)
(3,756409; 9,989738E-05; 3,132945)
(3,775973; 9,989738E-05; 3,137098)
(3,795583; 9,989738E-05; 3,141026)
(3,815238; 9,989738E-05; 3,144729)
(3,834933; 9,989738E-05; 3,148205)
(3,854668; 9,989738E-05; 3,151454)
(3,874438; 9,989738E-05; 3,154475)
(3,894242; 9,989738E-05; 3,157267)
(3,914078; 9,989738E-05; 3,15983)
(3,933941; 9,989738E-05; 3,162163)
(3,95383; 9,989738E-05; 3,164265)
(3,973742; 9,989738E-05; 3,166136)
(3,993675; 0,0001000166; 3,167774)
(4,013626; 9,989738E-05; 3,169178)
(4,033592; 9,989738E-05; 3,170348)
(4,05357; 9,989738E-05; 3,171283)
(4,073557; 9,989738E-05; 3,171983)
(4,093552; 9,989738E-05; 3,172445)
(4,113551; 9,989738E-05; 3,172669)
(4,133551; 9,989738E-05; 3,172656)
(4,153549; 9,989738E-05; 3,172402)
(4,173543; 9,989738E-05; 3,171908)
(4,19353; 9,989738E-05; 3,171174)
(4,213506; 9,989738E-05; 3,170197)
(4,233469; 9,989738E-05; 3,168977)
(4,253415; 9,989738E-05; 3,167513)
(4,273342; 9,989738E-05; 3,165806)
(4,293246; 9,989738E-05; 3,163852)
(4,313125; 9,989738E-05; 3,161653)
(4,33298; 9,989738E-05; 3,159251)
(4,35281; 9,989738E-05; 3,156644)
(4,372611; 0,0001000166; 3,153831)
(4,392381; 0,0001000166; 3,15081)
(4,412119; 0,0001000166; 3,147579)
(4,43182; 0,0001000166; 3,144137)
(4,451484; 0,0001000166; 3,140483)
(4,471106; 0,0001000166; 3,136614)
(4,490684; 0,0001000166; 3,132529)
(4,510216; 0,0001000166; 3,128227)
(4,529698; 0,0001000166; 3,123706)
(4,549129; 0,0001000166; 3,118966)
(4,568503; 0,0001000166; 3,114005)
(4,58782; 0,0001000166; 3,108821)
(4,607075; 9,989738E-05; 3,103413)
(4,626266; 9,989738E-05; 3,097782)
(4,645389; 9,989738E-05; 3,091924)
(4,664441; 9,989738E-05; 3,08584)
(4,683419; 9,989738E-05; 3,079529)
(4,70232; 9,989738E-05; 3,07299)
(4,72114; 9,989738E-05; 3,066222)
(4,739876; 9,989738E-05; 3,059225)
(4,758524; 9,989738E-05; 3,051997)
(4,777082; 9,989738E-05; 3,04454)
(4,795545; 9,989738E-05; 3,036852)
(4,81391; 9,989738E-05; 3,028933)
(4,832175; 9,989738E-05; 3,020783)
(4,850334; 9,989738E-05; 3,012402)
(4,868385; 9,989738E-05; 3,00379)
(4,886324; 9,989738E-05; 2,994948)
(4,904148; 9,989738E-05; 2,985875)
(4,921853; 9,989738E-05; 2,976573)
(4,939435; 9,989738E-05; 2,967041)
(4,956892; 9,989738E-05; 2,95728)
(4,974219; 9,989738E-05; 2,947292)
(4,991414; 9,989738E-05; 2,937076)
(5,008471; 9,989738E-05; 2,926635)
(5,02539; 9,989738E-05; 2,915968)
(5,042165; 9,989738E-05; 2,905078)
(5,058794; 9,989738E-05; 2,893966)
(5,075273; 9,989738E-05; 2,882633)
(5,091599; 9,989738E-05; 2,871081)
(5,10777; 9,989738E-05; 2,859312)
(5,123781; 9,989738E-05; 2,847327)
(5,13963; 9,989738E-05; 2,835128)
(5,155314; 9,989738E-05; 2,822718)
(5,170831; 9,989738E-05; 2,810099)
(5,186176; 9,989738E-05; 2,797273)
(5,201349; 9,989738E-05; 2,784242)
(5,216345; 9,989738E-05; 2,771009)
(5,231163; 9,989738E-05; 2,757577)
(5,245527; 9,989738E-05; 2,74366)
(5,259428; 9,989738E-05; 2,72928)
(5,272856; 9,989738E-05; 2,714459)
(5,285805; 9,989738E-05; 2,699217)
(5,29827; 9,989738E-05; 2,683576)
(5,310245; 9,989738E-05; 2,667558)
(5,321727; 9,989738E-05; 2,651182)
(5,332715; 9,989738E-05; 2,634471)
(5,343205; 0,0001000166; 2,617443)
(5,3532; 0,0001000166; 2,600119)
(5,362699; 0,0001000166; 2,582519)
(5,371704; 0,0001000166; 2,564661)
(5,380218; 0,0001000166; 2,546564)
(5,388245; 0,0001000166; 2,528245)
(5,39579; 0,0001000166; 2,509723)
(5,402857; 0,0001000166; 2,491013)
(5,409453; 0,0001000166; 2,472132)
(5,415585; 0,0001000166; 2,453095)
(5,421259; 0,0001000166; 2,433917)
(5,426485; 0,0001000166; 2,414612)
(5,43127; 0,0001000166; 2,395193)
(5,435623; 0,0001000166; 2,375672)
(5,439554; 0,0001000166; 2,356062)
(5,443072; 0,0001000166; 2,336374)
(5,446187; 0,0001000166; 2,316618)
(5,448911; 0,0001000166; 2,296804)
(5,451252; 0,0001000166; 2,276942)
(5,453223; 0,0001000166; 2,257039)
(5,454834; 0,0001000166; 2,237104)
(5,456096; 9,989738E-05; 2,217144)
(5,45702; 9,989738E-05; 2,197165)
(5,457618; 9,989738E-05; 2,177175)
(5,4579; 9,989738E-05; 2,157176)
(5,457878; 9,989738E-05; 2,137177)
(5,457562; 9,989738E-05; 2,117179)
(5,456965; 9,989738E-05; 2,097188)
(5,456098; 9,989738E-05; 2,077207)
(5,454969; 9,989738E-05; 2,057239)
(5,453592; 9,989738E-05; 2,037286)
(5,451976; 9,989738E-05; 2,017351)
(5,450133; 9,989738E-05; 1,997437)
(5,448071; 9,989738E-05; 1,977543)
(5,445803; 9,989738E-05; 1,957672)
(5,443337; 9,989738E-05; 1,937825)
(5,440684; 9,989738E-05; 1,918002)
(5,437852; 9,989738E-05; 1,898203)
(5,434853; 9,989738E-05; 1,878429)
(5,431695; 9,989738E-05; 1,85868)
(5,428387; 9,989738E-05; 1,838956)
(5,424937; 9,989738E-05; 1,819255)
(5,420899; 9,989738E-05; 1,799667)
(5,416295; 9,989738E-05; 1,780204)
(5,411144; 9,989738E-05; 1,760879)
(5,405468; 9,989738E-05; 1,741701)
(5,399287; 9,989738E-05; 1,72268)
(5,392623; 9,989738E-05; 1,703823)
(5,385495; 9,989738E-05; 1,685137)
(5,377924; 0,0001000166; 1,666625)
(5,369928; 9,989738E-05; 1,648293)
(5,361527; 9,989738E-05; 1,630143)
(5,35274; 9,989738E-05; 1,612177)
(5,343585; 9,989738E-05; 1,594395)
(5,334077; 9,989738E-05; 1,5768)
(5,324236; 9,989738E-05; 1,559388)
(5,314077; 9,989738E-05; 1,54216)
(5,303617; 9,989738E-05; 1,525114)
(5,29287; 9,989738E-05; 1,508247)
(5,281851; 0,0001000166; 1,491556)
(5,270575; 9,989738E-05; 1,475038)
(5,259054; 9,989738E-05; 1,458689)
(5,247303; 9,989738E-05; 1,442505)
(5,235334; 9,989738E-05; 1,426482)
(5,223159; 9,989738E-05; 1,410615)
(5,21079; 9,989738E-05; 1,394899)
(5,198238; 9,989738E-05; 1,379328)
(5,185513; 9,989738E-05; 1,363899)
(5,172625; 9,989738E-05; 1,348604)
(5,159585; 9,989738E-05; 1,33344)
(5,146402; 9,989738E-05; 1,3184)
(5,133085; 9,989738E-05; 1,303479)
(5,119641; 9,989738E-05; 1,288671)
(5,106081; 9,989738E-05; 1,27397)
(5,092411; 9,989738E-05; 1,259371)
(5,078638; 9,989738E-05; 1,244869)
(5,064771; 9,989738E-05; 1,230457)
(5,050815; 9,989738E-05; 1,216131)
(5,036778; 9,989738E-05; 1,201885)
(5,022666; 9,989738E-05; 1,187713)
(5,008484; 9,989738E-05; 1,17361)
(4,994239; 9,989738E-05; 1,159572)
(4,979936; 9,989738E-05; 1,145592)
(4,96558; 9,989738E-05; 1,131667)
(4,951177; 9,989738E-05; 1,117791)
(4,936731; 9,989738E-05; 1,103959)
(4,922247; 9,989738E-05; 1,090167)
(4,90773; 9,989738E-05; 1,076411)
(4,893183; 9,989738E-05; 1,062685)
(4,878611; 0,0001000166; 1,048986)
(4,864017; 9,989738E-05; 1,03531)
(4,849407; 9,989738E-05; 1,021653)
(4,834782; 9,989738E-05; 1,00801)
(4,820087; 9,989738E-05; 0,9944435)
(4,805326; 9,989738E-05; 0,9809486)
(4,790504; 9,989738E-05; 0,9675209)
(4,775625; 9,989738E-05; 0,9541559)
(4,760694; 9,989738E-05; 0,9408493)
(4,745715; 9,989738E-05; 0,9275968)
(4,730692; 9,989738E-05; 0,9143943)
(4,715629; 9,989738E-05; 0,9012378)
(4,700529; 9,989738E-05; 0,8881233)
(4,685396; 0,0001000166; 0,875047)
(4,670233; 0,0001000166; 0,8620052)
(4,655044; 9,989738E-05; 0,8489941)
(4,639831; 9,989738E-05; 0,8360105)
(4,624598; 9,989738E-05; 0,8230507)
(4,609347; 9,989738E-05; 0,8101115)
(4,594082; 9,989738E-05; 0,7971898)
(4,578804; 9,989738E-05; 0,7842824)
(4,563518; 9,989738E-05; 0,7713863)
(4,548223; 9,989738E-05; 0,7584987)
(4,532925; 9,989738E-05; 0,7456167)
(4,517623; 9,989738E-05; 0,7327377)
(4,502322; 9,989738E-05; 0,7198591)
(4,487022; 9,989738E-05; 0,7069784)
(4,471725; 9,989738E-05; 0,6940932)
(4,456435; 9,989738E-05; 0,6812012)
(4,441153; 9,989738E-05; 0,6683003)
(4,425879; 9,989738E-05; 0,6553882)
(4,410616; 9,989738E-05; 0,6424631)
(4,395367; 9,989738E-05; 0,6295229)
(4,380132; 9,989738E-05; 0,6165658)
(4,364913; 9,989738E-05; 0,60359)
(4,34971; 9,989738E-05; 0,5905938)
(4,334527; 9,989738E-05; 0,5775757)
(4,319364; 9,989738E-05; 0,5645341)
(4,304223; 9,989738E-05; 0,5514677)
(4,289104; 9,989738E-05; 0,5383748)
(4,274009; 9,989738E-05; 0,5252543)
(4,258939; 9,989738E-05; 0,512105)
(4,243896; 9,989738E-05; 0,4989256)
(4,22888; 9,989738E-05; 0,4857151)
(4,213892; 9,989738E-05; 0,4724724)
(4,198934; 9,989738E-05; 0,4591966)
(4,184006; 9,989738E-05; 0,4458866)
(4,169109; 9,989738E-05; 0,4325418)
(4,154244; 9,989738E-05; 0,4191611)
(4,139412; 9,989738E-05; 0,405744)
(4,124615; 9,989738E-05; 0,3922897)
(4,109851; 9,989738E-05; 0,3787976)
(4,095123; 9,989738E-05; 0,365267)
(4,08043; 9,989738E-05; 0,3516975)
(4,065774; 9,989738E-05; 0,3380885)
(4,051156; 9,989738E-05; 0,3244395)
(4,036532; 9,989738E-05; 0,3107957)
(4,021905; 9,989738E-05; 0,2971557)
(4,007276; 9,989738E-05; 0,2835182)
(3,992645; 9,989738E-05; 0,2698818)
(3,978015; 9,989738E-05; 0,2562453)
(3,963386; 9,989738E-05; 0,2426075)
(3,948759; 9,989738E-05; 0,2289672)
(3,934136; 9,989738E-05; 0,2153234)
(3,919517; 9,989738E-05; 0,2016749)
(3,904903; 9,989738E-05; 0,1880207)
(3,890295; 9,989738E-05; 0,1743599)
(3,875695; 9,989738E-05; 0,1606915)
(3,861102; 9,989738E-05; 0,1470146)
(3,846518; 9,989738E-05; 0,1333283)
(3,831944; 9,989738E-05; 0,1196318)
(3,81738; 9,989738E-05; 0,1059244)
(3,802828; 9,989738E-05; 0,09220523)
(3,788286; 9,989738E-05; 0,07847362)
(3,773758; 9,989738E-05; 0,06472888)
(3,759242; 9,989738E-05; 0,05097036)
(3,74474; 9,989738E-05; 0,03719744)
(3,730253; 9,989738E-05; 0,02340953)
(3,71578; 9,989738E-05; 0,009606096)
(3,701322; 0,0001000166; -0,004213403)
(3,68688; 9,989738E-05; -0,01804947)
(3,672455; 0,0001000166; -0,03190256)
(3,658046; 9,989738E-05; -0,04577313)
(3,643655; 9,989738E-05; -0,05966158)
(3,629281; 0,0001000166; -0,07356832)
(3,614926; 9,989738E-05; -0,08749372)
(3,600589; 0,0001000166; -0,1014381)
(3,58627; 9,989738E-05; -0,1154018)
(3,571971; 0,0001000166; -0,1293851)
(3,557691; 9,989738E-05; -0,1433883)
(3,543431; 9,989738E-05; -0,1574116)
(3,529191; 0,0001000166; -0,1714554)
(3,514972; 9,989738E-05; -0,1855197)
(3,500773; 0,0001000166; -0,1996048)
(3,486595; 9,989738E-05; -0,2137109)
(3,472438; 0,0001000166; -0,2278381)
(3,458302; 9,989738E-05; -0,2419866)
(3,444188; 0,0001000166; -0,2561565)
(3,430095; 9,989738E-05; -0,270348)
(3,416024; 0,0001000166; -0,284561)
(3,401975; 9,989738E-05; -0,2987958)
(3,387949; 0,0001000166; -0,3130523)
(3,373944; 9,989738E-05; -0,3273307)
(3,359962; 0,0001000166; -0,341631)
(3,346002; 9,989738E-05; -0,3559532)
(3,332065; 0,0001000166; -0,3702973)
(3,317942; 9,989738E-05; -0,3844587)
(3,30364; 0,0001000166; -0,3984391)
(3,289165; 9,989738E-05; -0,4122406)
(3,274524; 0,0001000166; -0,4258651)
(3,259721; 9,989738E-05; -0,4393147)
(3,244764; 0,0001000166; -0,4525916)
(3,229657; 9,989738E-05; -0,4656979)
(3,214406; 0,0001000166; -0,4786361)
(3,199015; 9,989738E-05; -0,4914084)
(3,18349; 0,0001000166; -0,5040173)
(3,167836; 9,989738E-05; -0,5164651)
(3,152057; 0,0001000166; -0,5287542)
(3,136158; 9,989738E-05; -0,5408872)
(3,120142; 0,0001000166; -0,5528666)
(3,104015; 9,989738E-05; -0,5646949)
(3,08778; 0,0001000166; -0,5763747)
(3,07144; 9,989738E-05; -0,5879083)
(3,055001; 0,0001000166; -0,5992984)
(3,038464; 9,989738E-05; -0,6105475)
(3,021834; 0,0001000166; -0,6216582)
(3,005114; 9,989738E-05; -0,632633)
(2,988307; 0,0001000166; -0,6434743)
(2,971417; 9,989738E-05; -0,6541847)
(2,954446; 0,0001000166; -0,6647667)
(2,937397; 9,989738E-05; -0,6752228)
(2,920273; 0,0001000166; -0,6855554)
(2,903076; 9,989738E-05; -0,6957669)
(2,885809; 0,0001000166; -0,7058598)
(2,868475; 9,989738E-05; -0,7158365)
(2,851077; 0,0001000166; -0,7256992)
(2,833615; 9,989738E-05; -0,7354504)
(2,816092; 0,0001000166; -0,7450924)
(2,798512; 9,989738E-05; -0,7546274)
(2,780874; 0,0001000166; -0,7640578)
(2,763183; 9,989738E-05; -0,7733856)
(2,745439; 0,0001000166; -0,7826132)
(2,727644; 9,989738E-05; -0,7917426)
(2,7098; 0,0001000166; -0,8007761)
(2,69191; 9,989738E-05; -0,8097157)
(2,673973; 0,0001000166; -0,8185635)
(2,655993; 9,989738E-05; -0,8273214)
(2,63797; 0,0001000166; -0,8359916)
(2,619906; 9,989738E-05; -0,8445761)
(2,601802; 0,0001000166; -0,8530766)
(2,58366; 9,989738E-05; -0,8614951)
(2,565481; 0,0001000166; -0,8698335)
(2,547267; 9,989738E-05; -0,8780938)
(2,529018; 0,0001000166; -0,8862775)
(2,510736; 9,989738E-05; -0,8943865)
(2,492421; 0,0001000166; -0,9024227)
(2,474075; 9,989738E-05; -0,9103875)
(2,455645; 0,0001000166; -0,9181533)
(2,437133; 9,989738E-05; -0,9257236)
(2,418543; 0,0001000166; -0,9331017)
(2,39988; 9,989738E-05; -0,940291)
(2,381147; 0,0001000166; -0,9472951)
(2,362346; 9,989738E-05; -0,9541173)
(2,343482; 0,0001000166; -0,960761)
(2,324557; 9,989738E-05; -0,9672295)
(2,305574; 0,0001000166; -0,9735261)
(2,286536; 9,989738E-05; -0,9796541)
(2,267445; 0,0001000166; -0,9856169)
(2,248305; 9,989738E-05; -0,9914175)
(2,229117; 0,0001000166; -0,997059)
(2,209884; 9,989738E-05; -1,002545)
(2,190609; 0,0001000166; -1,007878)
(2,171292; 9,989738E-05; -1,013061)
(2,151937; 0,0001000166; -1,018098)
(2,132544; 9,989738E-05; -1,022991)
(2,113117; 0,0001000166; -1,027744)
(2,093657; 9,989738E-05; -1,032358)
(2,074165; 0,0001000166; -1,036837)
(2,054643; 9,989738E-05; -1,041185)
(2,035093; 0,0001000166; -1,045402)
(2,015516; 9,989738E-05; -1,049493)
(1,995913; 0,0001000166; -1,05346)
(1,976286; 9,989738E-05; -1,057305)
(1,956636; 0,0001000166; -1,061032)
(1,936965; 9,989738E-05; -1,064642)
(1,917273; 9,989738E-05; -1,068138)
(1,897561; 0,0001000166; -1,071522)
(1,877831; 9,989738E-05; -1,074798)
(1,858084; 0,0001000166; -1,077966)
(1,83832; 9,989738E-05; -1,081031)
(1,81854; 9,989738E-05; -1,083993)
(1,798746; 0,0001000166; -1,086855)
(1,778938; 9,989738E-05; -1,089619)
(1,759117; 0,0001000166; -1,092288)
(1,739284; 9,989738E-05; -1,094863)
(1,719438; 0,0001000166; -1,097346)
(1,699582; 9,989738E-05; -1,09974)
(1,679716; 0,0001000166; -1,102046)
(1,659839; 9,989738E-05; -1,104267)
(1,639954; 0,0001000166; -1,106405)
(1,62006; 9,989738E-05; -1,10846)
(1,600157; 9,989738E-05; -1,110435)
(1,580248; 0,0001000166; -1,112332)
(1,560331; 9,989738E-05; -1,114153)
(1,540407; 0,0001000166; -1,115898)
(1,520477; 9,989738E-05; -1,117571)
(1,500541; 0,0001000166; -1,119172)
(1,4806; 9,989738E-05; -1,120703)
(1,460651; 0,0001000166; -1,122138)
(1,440696; 0,0001000166; -1,123478)
(1,420735; 9,989738E-05; -1,124727)
(1,400769; 0,0001000166; -1,125885)
(1,380798; 0,0001000166; -1,126954)
(1,360822; 9,989738E-05; -1,127938)
(1,340842; 0,0001000166; -1,128836)
(1,320859; 0,0001000166; -1,129653)
(1,300872; 9,989738E-05; -1,130388)
(1,280883; 0,0001000166; -1,131044)
(1,260891; 0,0001000166; -1,131623)
(1,240898; 9,989738E-05; -1,132127)
(1,220902; 0,0001000166; -1,132556)
(1,200905; 0,0001000166; -1,132913)
(1,180907; 9,989738E-05; -1,133199)
(1,160909; 0,0001000166; -1,133416)
(1,140909; 0,0001000166; -1,133565)
(1,120909; 9,989738E-05; -1,133648)
(1,100909; 0,0001000166; -1,133666)
(1,080909; 0,0001000166; -1,133621)
(1,06091; 9,989738E-05; -1,133514)
(1,04091; 0,0001000166; -1,133347)
(1,020912; 0,0001000166; -1,13312)
(1,000914; 9,989738E-05; -1,132835)
(0,9809167; 0,0001000166; -1,132494)
(0,9609206; 0,0001000166; -1,132098)
(0,9409257; 9,989738E-05; -1,131647)
(0,920932; 0,0001000166; -1,131143)
(0,9009397; 0,0001000166; -1,130588)
(0,8809489; 9,989738E-05; -1,129982)
(0,8609596; 0,0001000166; -1,129326)
(0,8409721; 0,0001000166; -1,128622)
(0,8209862; 9,989738E-05; -1,127871)
(0,8010021; 0,0001000166; -1,127073)
(0,7810199; 0,0001000166; -1,12623)
(0,7610396; 9,989738E-05; -1,125343)
(0,7410612; 0,0001000166; -1,124413)
(0,7210848; 0,0001000166; -1,123441)
(0,7011105; 9,989738E-05; -1,122427)
(0,6811384; 0,0001000166; -1,121372)
(0,6611683; 0,0001000166; -1,120278)
(0,6412004; 9,989738E-05; -1,119145)
(0,6212347; 0,0001000166; -1,117975)
(0,6012712; 0,0001000166; -1,116767)
(0,5813099; 9,989738E-05; -1,115524)
(0,5613508; 0,0001000166; -1,114245)
(0,541394; 0,0001000166; -1,112931)
(0,5214394; 9,989738E-05; -1,111584)
(0,5014871; 0,0001000166; -1,110203)
(0,4815371; 0,0001000166; -1,10879)
(0,4615758; 9,989738E-05; -1,107547)
(0,4416049; 0,0001000166; -1,10647)
(0,4216257; 0,0001000166; -1,105556)
(0,40164; 9,989738E-05; -1,104801)
(0,3816489; 0,0001000166; -1,104204)
(0,3616538; 0,0001000166; -1,10376)
(0,341656; 9,989738E-05; -1,103467)
(0,3216565; 0,0001000166; -1,103322)
(0,3016565; 0,0001000166; -1,103321)
(0,281657; 9,989738E-05; -1,103463)
(0,261659; 0,0001000166; -1,103743)
(0,2416633; 0,0001000166; -1,10416)
(0,2216709; 9,989738E-05; -1,104711)
(0,2016825; 0,0001000166; -1,105393)
(0,1816989; 0,0001000166; -1,106203)
(0,1617209; 9,989738E-05; -1,107139)
(0,1417489; 9,989738E-05; -1,108198)
(0,1217838; 0,0001000166; -1,109378)
(0,1018259; 0,0001000166; -1,110676)
(0,08187599; 0,0001000166; -1,11209)
(0,06193442; 9,989738E-05; -1,113618)
(0,04200168; 0,0001000166; -1,115257)
(0,02207819; 9,989738E-05; -1,117005)
(0,002164358; 0,0001000166; -1,118859)
(-0,01773947; 9,989738E-05; -1,120818)
(-0,03763295; 0,0001000166; -1,12288)
(-0,05751579; 9,989738E-05; -1,125041)
(-0,07738772; 0,0001000166; -1,127301)
(-0,09724848; 9,989738E-05; -1,129657)
(-0,1170979; 0,0001000166; -1,132107)
(-0,1369356; 9,989738E-05; -1,134649)
(-0,1567616; 0,0001000166; -1,137281)
(-0,1765757; 9,989738E-05; -1,140002)
(-0,1963777; 0,0001000166; -1,142809)
(-0,2161675; 9,989738E-05; -1,145701)
(-0,2359451; 0,0001000166; -1,148676)
(-0,2557102; 9,989738E-05; -1,151732)
(-0,2754629; 0,0001000166; -1,154867)
(-0,2952031; 9,989738E-05; -1,158081)
(-0,3149308; 0,0001000166; -1,16137)
(-0,3346459; 9,989738E-05; -1,164733)
(-0,3543485; 0,0001000166; -1,16817)
(-0,3740385; 9,989738E-05; -1,171678)
(-0,3937159; 0,0001000166; -1,175255)
(-0,4133807; 9,989738E-05; -1,178901)
(-0,4330331; 0,0001000166; -1,182614)
(-0,452673; 9,989738E-05; -1,186392)
(-0,4723006; 0,0001000166; -1,190234)
(-0,4919157; 9,989738E-05; -1,194139)
(-0,5115186; 0,0001000166; -1,198104)
(-0,5311093; 9,989738E-05; -1,20213)
(-0,5507036; 0,0001000166; -1,206138)
(-0,5703014; 9,989738E-05; -1,210128)
(-0,5899027; 0,0001000166; -1,214102)
(-0,6095074; 9,989738E-05; -1,218058)
(-0,6291155; 0,0001000166; -1,221999)
(-0,6487268; 9,989738E-05; -1,225922)
(-0,6683414; 0,0001000166; -1,22983)
(-0,6879591; 9,989738E-05; -1,233721)
(-0,70758; 0,0001000166; -1,237597)
(-0,7272039; 9,989738E-05; -1,241458)
(-0,7468308; 0,0001000166; -1,245303)
(-0,7664606; 9,989738E-05; -1,249133)
(-0,7860934; 0,0001000166; -1,252948)
(-0,805729; 9,989738E-05; -1,256748)
(-0,8253674; 0,0001000166; -1,260534)
(-0,8450086; 9,989738E-05; -1,264305)
(-0,8646525; 0,0001000166; -1,268063)
(-0,8842991; 9,989738E-05; -1,271806)
(-0,9039484; 0,0001000166; -1,275535)
(-0,9236002; 9,989738E-05; -1,279251)
(-0,9432546; 0,0001000166; -1,282952)
(-0,9629115; 9,989738E-05; -1,286641)
(-0,982571; 0,0001000166; -1,290316)
(-1,002233; 9,989738E-05; -1,293977)
(-1,021897; 0,0001000166; -1,297626)
(-1,041564; 9,989738E-05; -1,301262)
(-1,061233; 0,0001000166; -1,304885)
(-1,080905; 9,989738E-05; -1,308494)
(-1,100579; 0,0001000166; -1,312092)
(-1,120255; 9,989738E-05; -1,315676)
(-1,139933; 0,0001000166; -1,319248)
(-1,159614; 9,989738E-05; -1,322808)
(-1,179297; 0,0001000166; -1,326355)
(-1,198982; 9,989738E-05; -1,32989)
(-1,218669; 0,0001000166; -1,333413)
(-1,238359; 9,989738E-05; -1,336923)
(-1,25805; 0,0001000166; -1,340422)
(-1,277744; 9,989738E-05; -1,343908)
(-1,29744; 0,0001000166; -1,347382)
(-1,317138; 9,989738E-05; -1,350844)
(-1,336838; 0,0001000166; -1,354294)
(-1,356541; 9,989738E-05; -1,357733)
(-1,376245; 0,0001000166; -1,361159)
(-1,395951; 9,989738E-05; -1,364573)
(-1,41566; 0,0001000166; -1,367976)
(-1,43537; 9,989738E-05; -1,371367)
(-1,455083; 0,0001000166; -1,374746)
(-1,474797; 9,989738E-05; -1,378113)
(-1,494514; 0,0001000166; -1,381468)
(-1,514233; 9,989738E-05; -1,384811)
(-1,533953; 0,0001000166; -1,388142)
(-1,55366; 9,989738E-05; -1,391556)
(-1,573352; 0,0001000166; -1,395051)
(-1,59303; 9,989738E-05; -1,398626)
(-1,612694; 0,0001000166; -1,402277)
(-1,632343; 9,989738E-05; -1,406003)
(-1,651979; 0,0001000166; -1,409803)
(-1,671601; 9,989738E-05; -1,413674)
(-1,691209; 0,0001000166; -1,417615)
(-1,710803; 9,989738E-05; -1,421624)
(-1,730383; 0,0001000166; -1,4257)
(-1,74995; 9,989738E-05; -1,42984)
(-1,769503; 0,0001000166; -1,434043)
(-1,789044; 9,989738E-05; -1,438307)
(-1,808571; 0,0001000166; -1,442631)
(-1,828085; 9,989738E-05; -1,447013)
(-1,847586; 0,0001000166; -1,451452)
(-1,867074; 9,989738E-05; -1,455946)
(-1,886551; 0,0001000166; -1,460493)
(-1,906014; 9,989738E-05; -1,465093)
(-1,925466; 0,0001000166; -1,469743)
(-1,944906; 9,989738E-05; -1,474442)
(-1,964335; 0,0001000166; -1,479189)
(-1,983752; 9,989738E-05; -1,483983)
(-2,003158; 0,0001000166; -1,488821)
(-2,022553; 9,989738E-05; -1,493704)
(-2,041937; 0,0001000166; -1,498628)
(-2,061311; 9,989738E-05; -1,503594)
(-2,080674; 0,0001000166; -1,508599)
(-2,100028; 9,989738E-05; -1,513643)
(-2,119372; 0,0001000166; -1,518724)
(-2,138706; 9,989738E-05; -1,523842)
(-2,158031; 0,0001000166; -1,528993)
(-2,177347; 9,989738E-05; -1,534179)
(-2,196654; 0,0001000166; -1,539397)
(-2,215953; 9,989738E-05; -1,544646)
(-2,235244; 0,0001000166; -1,549925)
(-2,254527; 9,989738E-05; -1,555233)
(-2,273802; 9,989738E-05; -1,560569)
(-2,29307; 0,0001000166; -1,565931)
(-2,31233; 9,989738E-05; -1,571319)
(-2,331584; 0,0001000166; -1,576731)
(-2,350831; 9,989738E-05; -1,582167)
(-2,370072; 0,0001000166; -1,587625)
(-2,389307; 9,989738E-05; -1,593104)
(-2,408536; 0,0001000166; -1,598603)
(-2,42776; 9,989738E-05; -1,604121)
(-2,446978; 0,0001000166; -1,609658)
(-2,466192; 9,989738E-05; -1,615211)
(-2,4854; 0,0001000166; -1,62078)
(-2,504605; 9,989738E-05; -1,626364)
(-2,523818; 0,0001000166; -1,631919)
(-2,543041; 9,989738E-05; -1,637442)
(-2,562271; 0,0001000166; -1,642936)
(-2,581511; 9,989738E-05; -1,648399)
(-2,600759; 0,0001000166; -1,653831)
(-2,620015; 9,989738E-05; -1,659233)
(-2,639281; 0,0001000166; -1,664603)
(-2,658555; 9,989738E-05; -1,669942)
(-2,677838; 0,0001000166; -1,67525)
(-2,697129; 9,989738E-05; -1,680526)
(-2,71643; 0,0001000166; -1,68577)
(-2,735739; 9,989738E-05; -1,690982)
(-2,755056; 0,0001000166; -1,696161)
(-2,774383; 9,989738E-05; -1,701308)
(-2,793718; 0,0001000166; -1,706421)
(-2,813062; 9,989738E-05; -1,711502)
(-2,832415; 0,0001000166; -1,716548)
(-2,851777; 9,989738E-05; -1,721561)
(-2,871147; 9,989738E-05; -1,726539)
(-2,890527; 0,0001000166; -1,731483)
(-2,909915; 9,989738E-05; -1,736391)
(-2,929312; 0,0001000166; -1,741264)
(-2,948719; 9,989738E-05; -1,746101)
(-2,968134; 0,0001000166; -1,750902)
(-2,987558; 9,989738E-05; -1,755667)
(-3,006991; 0,0001000166; -1,760394)
(-3,026434; 9,989738E-05; -1,765084)
(-3,045885; 0,0001000166; -1,769735)
(-3,065346; 9,989738E-05; -1,774348)
(-3,084816; 0,0001000166; -1,778922)
(-3,104295; 9,989738E-05; -1,783457)
(-3,123784; 0,0001000166; -1,787951)
(-3,143281; 9,989738E-05; -1,792405)
(-3,162788; 0,0001000166; -1,796818)
(-3,182305; 9,989738E-05; -1,801189)
(-3,201831; 0,0001000166; -1,805517)
(-3,221366; 9,989738E-05; -1,809803)
(-3,240911; 0,0001000166; -1,814045)
(-3,260466; 9,989738E-05; -1,818243)
(-3,28003; 9,989738E-05; -1,822397)
(-3,299603; 0,0001000166; -1,826504)
(-3,319186; 9,989738E-05; -1,830566)
(-3,338779; 0,0001000166; -1,83458)
(-3,358382; 9,989738E-05; -1,838547)
(-3,377995; 0,0001000166; -1,842466)
(-3,397617; 9,989738E-05; -1,846335)
(-3,417248; 0,0001000166; -1,850155)
(-3,43689; 9,989738E-05; -1,853924)
(-3,456542; 0,0001000166; -1,857641)
(-3,476203; 9,989738E-05; -1,861306)
(-3,495874; 0,0001000166; -1,864918)
(-3,515559; 9,989738E-05; -1,868455)
(-3,535257; 0,0001000166; -1,871917)
(-3,554968; 9,989738E-05; -1,875305)
(-3,574692; 0,0001000166; -1,878616)
(-3,594429; 9,989738E-05; -1,88185)
(-3,614178; 0,0001000166; -1,885008)
(-3,633939; 9,989738E-05; -1,888087)
(-3,653713; 0,0001000166; -1,891088)
(-3,673498; 9,989738E-05; -1,89401)
(-3,693295; 0,0001000166; -1,896852)
(-3,713104; 9,989738E-05; -1,899613)
(-3,732924; 0,0001000166; -1,902293)
(-3,752754; 9,989738E-05; -1,90489)
(-3,772595; 0,0001000166; -1,907405)
(-3,792447; 9,989738E-05; -1,909835)
(-3,812309; 0,0001000166; -1,912181)
(-3,832181; 9,989738E-05; -1,91444)
(-3,852063; 0,0001000166; -1,916613)
(-3,871954; 9,989738E-05; -1,918698)
(-3,891854; 0,0001000166; -1,920694)
(-3,911763; 9,989738E-05; -1,922601)
(-3,93168; 0,0001000166; -1,924417)
(-3,951606; 9,989738E-05; -1,92614)
(-3,971539; 9,989738E-05; -1,927771)
(-3,99148; 0,0001000166; -1,929307)
(-4,011428; 9,989738E-05; -1,930748)
(-4,031383; 0,0001000166; -1,932092)
(-4,051344; 0,0001000166; -1,933339)
(-4,071311; 9,989738E-05; -1,934486)
(-4,091284; 9,989738E-05; -1,935533)
(-4,111261; 0,0001000166; -1,936478)
(-4,131244; 0,0001000166; -1,937319)
(-4,15123; 9,989738E-05; -1,938057)
(-4,17122; 9,989738E-05; -1,938688)
(-4,191213; 0,0001000166; -1,939212)
(-4,211209; 0,0001000166; -1,939627)
(-4,231207; 9,989738E-05; -1,939931)
(-4,251206; 9,989738E-05; -1,940124)
(-4,271205; 0,0001000166; -1,940203)
(-4,291205; 0,0001000166; -1,940167)
(-4,311205; 9,989738E-05; -1,940014)
(-4,331203; 9,989738E-05; -1,939743)
(-4,351199; 0,0001000166; -1,939352)
(-4,371193; 0,0001000166; -1,938839)
(-4,391182; 9,989738E-05; -1,938203)
(-4,411168; 9,989738E-05; -1,937441)
(-4,431149; 0,0001000166; -1,936553)
(-4,451122; 0,0001000166; -1,935535)
(-4,471089; 9,989738E-05; -1,934387)
(-4,491048; 9,989738E-05; -1,933107)
(-4,510997; 0,0001000166; -1,931668)
(-4,530933; 0,0001000166; -1,93007)
(-4,550855; 9,989738E-05; -1,928311)
(-4,570763; 9,989738E-05; -1,926389)
(-4,590653; 0,0001000166; -1,924304)
(-4,610527; 0,0001000166; -1,922053)
(-4,63038; 9,989738E-05; -1,919635)
(-4,650212; 9,989738E-05; -1,917049)
(-4,670021; 0,0001000166; -1,914293)
(-4,689806; 0,0001000166; -1,911365)
(-4,709564; 9,989738E-05; -1,908264)
(-4,729294; 9,989738E-05; -1,904989)
(-4,748994; 0,0001000166; -1,901537)
(-4,768661; 0,0001000166; -1,897907)
(-4,788295; 9,989738E-05; -1,894097)
(-4,807893; 9,989738E-05; -1,890107)
(-4,827453; 0,0001000166; -1,885933)
(-4,846972; 0,0001000166; -1,881575)
(-4,866449; 9,989738E-05; -1,877031)
(-4,885881; 9,989738E-05; -1,872299)
(-4,905267; 0,0001000166; -1,867378)
(-4,924602; 0,0001000166; -1,862266)
(-4,943886; 9,989738E-05; -1,856961)
(-4,963115; 9,989738E-05; -1,851463)
(-4,982287; 0,0001000166; -1,845768)
(-5,0014; 0,0001000166; -1,839877)
(-5,02045; 9,989738E-05; -1,833786)
(-5,039435; 9,989738E-05; -1,827495)
(-5,058352; 0,0001000166; -1,821003)
(-5,077198; 0,0001000166; -1,814308)
(-5,09597; 9,989738E-05; -1,807407)
(-5,114665; 9,989738E-05; -1,800302)
(-5,13328; 0,0001000166; -1,792988)
(-5,151812; 0,0001000166; -1,785467)
(-5,170257; 9,989738E-05; -1,777736)
(-5,188612; 9,989738E-05; -1,769794)
(-5,206875; 0,0001000166; -1,76164)
(-5,22504; 0,0001000166; -1,753273)
(-5,243106; 9,989738E-05; -1,744692)
(-5,261069; 9,989738E-05; -1,735897)
(-5,278924; 0,0001000166; -1,726886)
(-5,296668; 0,0001000166; -1,717659)
(-5,314298; 9,989738E-05; -1,708215)
(-5,331809; 9,989738E-05; -1,698553)
(-5,349198; 0,0001000166; -1,688673)
(-5,366462; 0,0001000166; -1,678575)
(-5,383595; 9,989738E-05; -1,668258)
(-5,400596; 9,989738E-05; -1,657723)
(-5,417458; 0,0001000166; -1,646968)
(-5,434179; 0,0001000166; -1,635995)
(-5,450754; 9,989738E-05; -1,624803)
(-5,467059; 9,989738E-05; -1,613221)
(-5,483087; 0,0001000166; -1,601257)
(-5,498828; 0,0001000166; -1,58892)
(-5,514277; 9,989738E-05; -1,576219)
(-5,529428; 9,989738E-05; -1,563163)
(-5,544272; 0,0001000166; -1,54976)
(-5,558805; 0,0001000166; -1,536019)
(-5,57302; 9,989738E-05; -1,52195)
(-5,586912; 9,989738E-05; -1,507563)
(-5,600476; 0,0001000166; -1,492865)
(-5,613708; 0,0001000166; -1,477868)
(-5,626603; 9,989738E-05; -1,46258)
(-5,639158; 9,989738E-05; -1,447011)
(-5,651368; 0,0001000166; -1,431172)
(-5,663232; 0,0001000166; -1,41507)
(-5,674746; 9,989738E-05; -1,398717)
(-5,685907; 9,989738E-05; -1,382121)
(-5,696716; 0,0001000166; -1,365293)
(-5,707169; 0,0001000166; -1,348242)
(-5,717265; 9,989738E-05; -1,330978)
(-5,727005; 9,989738E-05; -1,31351)
(-5,736388; 0,0001000166; -1,295847)
(-5,745413; 0,0001000166; -1,277999)
(-5,754082; 9,989738E-05; -1,259976)
(-5,762395; 9,989738E-05; -1,241785)
(-5,770354; 0,0001000166; -1,223437)
(-5,77796; 0,0001000166; -1,20494)
(-5,785214; 9,989738E-05; -1,186302)
(-5,792121; 9,989738E-05; -1,167532)
(-5,798681; 0,0001000166; -1,148639)
(-5,804897; 0,0001000166; -1,129629)
(-5,810774; 9,989738E-05; -1,110512)
(-5,816314; 9,989738E-05; -1,091295)
(-5,821521; 0,0001000166; -1,071985)
(-5,8264; 0,0001000166; -1,052589)
(-5,830954; 9,989738E-05; -1,033114)
(-5,835187; 9,989738E-05; -1,013567)
(-5,839106; 0,0001000166; -0,9939549)
(-5,842714; 0,0001000166; -0,9742831)
(-5,846017; 9,989738E-05; -0,9545577)
(-5,84902; 9,989738E-05; -0,9347845)
(-5,851729; 0,0001000166; -0,9149688)
(-5,854149; 0,0001000166; -0,8951157)
(-5,856286; 9,989738E-05; -0,8752302)
(-5,858145; 9,989738E-05; -0,8553168)
(-5,859734; 0,0001000166; -0,83538)
(-5,861056; 0,0001000166; -0,8154238)
(-5,862121; 9,989738E-05; -0,7954521)
(-5,862932; 9,989738E-05; -0,7754685)
(-5,863496; 0,0001000166; -0,7554765)
(-5,861312; 9,989738E-05; -0,7355962)
(-5,858246; 0,0001000166; -0,7158325)
(-5,854328; 9,989738E-05; -0,6962202)
(-5,849584; 0,0001000166; -0,6767908)
(-5,844045; 9,989738E-05; -0,6575731)
(-5,837741; 0,0001000166; -0,6385927)
(-5,830702; 9,989738E-05; -0,6198723)
(-5,822959; 0,0001000166; -0,6014319)
(-5,814543; 9,989738E-05; -0,5832888)
(-5,805485; 0,0001000166; -0,5654577)
(-5,795815; 9,989738E-05; -0,5479509)
(-5,785563; 0,0001000166; -0,5307785)
(-5,774758; 9,989738E-05; -0,5139483)
(-5,763429; 0,0001000166; -0,4974663)
(-5,751604; 9,989738E-05; -0,4813364)
(-5,73931; 0,0001000166; -0,465561)
(-5,726574; 9,989738E-05; -0,4501409)
(-5,71342; 0,0001000166; -0,4350752)
(-5,699872; 9,989738E-05; -0,4203621)
(-5,685956; 0,0001000166; -0,4059983)
(-5,671691; 9,989738E-05; -0,3919795)
(-5,657101; 0,0001000166; -0,3783006)
(-5,642204; 9,989738E-05; -0,3649556)
(-5,627021; 0,0001000166; -0,3519376)
(-5,611569; 9,989738E-05; -0,3392392)
(-5,595867; 0,0001000166; -0,3268525)
(-5,579929; 9,989738E-05; -0,314769)
(-5,563774; 0,0001000166; -0,3029799)
(-5,547413; 9,989738E-05; -0,2914759)
(-5,530862; 9,989738E-05; -0,2802477)
(-5,514134; 0,0001000166; -0,2692856)
(-5,497241; 9,989738E-05; -0,2585797)
(-5,480194; 0,0001000166; -0,2481203)
(-5,463004; 9,989738E-05; -0,2378972)
(-5,445682; 0,0001000166; -0,2279007)
(-5,428236; 9,989738E-05; -0,2181205)
(-5,410676; 0,0001000166; -0,2085469)
(-5,393011; 9,989738E-05; -0,1991699)
(-5,375247; 0,0001000166; -0,1899797)
(-5,357393; 9,989738E-05; -0,1809668)
(-5,339456; 0,0001000166; -0,1721215)
(-5,321441; 9,989738E-05; -0,1634344)
(-5,303355; 0,0001000166; -0,1548965)
(-5,285203; 9,989738E-05; -0,1464985)
(-5,266992; 9,989738E-05; -0,1382317)
(-5,248725; 0,0001000166; -0,1300873)
(-5,230408; 9,989738E-05; -0,122057)
(-5,212045; 0,0001000166; -0,1141324)
(-5,19364; 9,989738E-05; -0,1063054)
(-5,175198; 0,0001000166; -0,09856828)
(-5,156721; 9,989738E-05; -0,09091336)
(-5,138213; 0,0001000166; -0,0833332)
(-5,119677; 9,989738E-05; -0,07582062)
(-5,101093; 0,0001000166; -0,06843032)
(-5,082463; 9,989738E-05; -0,06115449)
(-5,063792; 0,0001000166; -0,05398555)
(-5,045083; 9,989738E-05; -0,0469161)
(-5,02634; 0,0001000166; -0,03993893)
(-5,007565; 9,989738E-05; -0,03304704)
(-4,988761; 0,0001000166; -0,02623362)
(-4,969932; 9,989738E-05; -0,01949206)
(-4,951078; 0,0001000166; -0,01281597)
(-4,932205; 9,989738E-05; -0,006199119)
(-4,913312; 0,0001000166; 0,0003645052)
(-4,894404; 9,989738E-05; 0,006880727)
(-4,875481; 0,0001000166; 0,01335518)
(-4,856545; 9,989738E-05; 0,0197933)
(-4,837599; 9,989738E-05; 0,02620037)
(-4,818645; 0,0001000166; 0,03258145)
(-4,799683; 9,989738E-05; 0,03894146)
(-4,780715; 0,0001000166; 0,04528512)
(-4,761744; 9,989738E-05; 0,05161699)
(-4,742771; 9,989738E-05; 0,05794143)
(-4,723796; 0,0001000166; 0,06426269)
(-4,704822; 9,989738E-05; 0,0705848)
(-4,685849; 0,0001000166; 0,07691169)
(-4,666879; 9,989738E-05; 0,08324709)
(-4,647913; 0,0001000166; 0,0895946)
(-4,628952; 9,989738E-05; 0,09595767)
(-4,609997; 0,0001000166; 0,1023396)
(-4,59105; 9,989738E-05; 0,1087435)
(-4,572112; 0,0001000166; 0,1151726)
(-4,553183; 9,989738E-05; 0,1216295)
(-4,534264; 0,0001000166; 0,1281172)
(-4,515357; 9,989738E-05; 0,1346382)
(-4,496462; 0,0001000166; 0,1411951)
(-4,477581; 9,989738E-05; 0,1477902)
(-4,458714; 0,0001000166; 0,1544259)
(-4,439862; 9,989738E-05; 0,1611044)
(-4,421026; 9,989738E-05; 0,1678275)
(-4,402206; 0,0001000166; 0,1745975)
(-4,383405; 9,989738E-05; 0,1814159)
(-4,364621; 0,0001000166; 0,1882848)
(-4,345857; 9,989738E-05; 0,1952056)
(-4,327112; 0,0001000166; 0,2021799)
(-4,308388; 9,989738E-05; 0,2092092)
(-4,289686; 0,0001000166; 0,2162949)
(-4,271005; 9,989738E-05; 0,2234384)
(-4,252347; 0,0001000166; 0,2306406)
(-4,233712; 9,989738E-05; 0,237903)
(-4,215101; 0,0001000166; 0,2452263)
(-4,196515; 9,989738E-05; 0,2526118)
(-4,177953; 0,0001000166; 0,2600602)
(-4,159299; 9,989738E-05; 0,2672735)
(-4,140558; 0,0001000166; 0,2742577)
(-4,121736; 9,989738E-05; 0,2810182)
(-4,102836; 0,0001000166; 0,2875609)
(-4,083864; 9,989738E-05; 0,2938913)
(-4,064825; 9,989738E-05; 0,300015)
(-4,045722; 0,0001000166; 0,3059375)
(-4,026559; 9,989738E-05; 0,3116642)
(-4,007341; 0,0001000166; 0,3172005)
(-3,98807; 9,989738E-05; 0,3225516)
(-3,96875; 0,0001000166; 0,3277228)
(-3,949384; 9,989738E-05; 0,3327191)
(-3,929975; 0,0001000166; 0,3375455)
(-3,910526; 9,989738E-05; 0,342207)
(-3,891039; 0,0001000166; 0,3467083)
(-3,871517; 9,989738E-05; 0,3510543)
(-3,851962; 0,0001000166; 0,3552495)
(-3,832376; 9,989738E-05; 0,3592985)
(-3,812762; 9,989738E-05; 0,3632057)
(-3,79312; 0,0001000166; 0,3669755)
(-3,773453; 9,989738E-05; 0,3706122)
(-3,753763; 0,0001000166; 0,3741199)
(-3,734052; 9,989738E-05; 0,3775027)
(-3,714319; 0,0001000166; 0,3807645)
(-3,694568; 9,989738E-05; 0,3839093)
(-3,674799; 0,0001000166; 0,3869407)
(-3,655014; 9,989738E-05; 0,3898626)
(-3,635213; 0,0001000166; 0,3926784)
(-3,615398; 9,989738E-05; 0,3953919)
(-3,59557; 0,0001000166; 0,3980062)
(-3,575729; 9,989738E-05; 0,4005248)
(-3,555876; 9,989738E-05; 0,402951)
(-3,536014; 0,0001000166; 0,4052879)
(-3,516141; 9,989738E-05; 0,4075385)
(-3,496258; 0,0001000166; 0,409706)
(-3,476368; 9,989738E-05; 0,4117931)
(-3,456469; 0,0001000166; 0,4138029)
(-3,436563; 9,989738E-05; 0,415738)
(-3,41665; 0,0001000166; 0,417601)
(-3,39673; 9,989738E-05; 0,4193948)
(-3,376805; 0,0001000166; 0,4211217)
(-3,356874; 9,989738E-05; 0,4227844)
(-3,336938; 0,0001000166; 0,424385)
(-3,316998; 9,989738E-05; 0,4259261)
(-3,297053; 0,0001000166; 0,4274099)
(-3,277104; 9,989738E-05; 0,4288387)
(-3,257151; 0,0001000166; 0,4302144)
(-3,237195; 0,0001000166; 0,4315393)
(-3,217236; 9,989738E-05; 0,4328153)
(-3,197274; 0,0001000166; 0,4340445)
(-3,177309; 0,0001000166; 0,4352287)
(-3,157353; 9,989738E-05; 0,4365617)
(-3,137408; 0,0001000166; 0,4380416)
(-3,117474; 9,989738E-05; 0,4396662)
(-3,097553; 0,0001000166; 0,4414333)
(-3,077644; 9,989738E-05; 0,443341)
(-3,057749; 0,0001000166; 0,4453872)
(-3,037868; 9,989738E-05; 0,4475698)
(-3,018003; 0,0001000166; 0,4498869)
(-2,998153; 9,989738E-05; 0,4523365)
(-2,978321; 0,0001000166; 0,4549166)
(-2,958505; 9,989738E-05; 0,4576252)
(-2,938707; 0,0001000166; 0,4604605)
(-2,918927; 9,989738E-05; 0,4634204)
(-2,899166; 0,0001000166; 0,4665031)
(-2,879424; 9,989738E-05; 0,4697069)
(-2,859702; 9,989738E-05; 0,4730296)
(-2,84; 0,0001000166; 0,4764697)
(-2,820319; 9,989738E-05; 0,4800252)
(-2,800658; 0,0001000166; 0,4836944)
(-2,781019; 9,989738E-05; 0,4874754)
(-2,761401; 9,989738E-05; 0,4913667)
(-2,741805; 0,0001000166; 0,4953663)
(-2,722231; 9,989738E-05; 0,4994726)
(-2,70268; 0,0001000166; 0,503684)
(-2,683151; 9,989738E-05; 0,5079988)
(-2,663645; 0,0001000166; 0,5124153)
(-2,644161; 9,989738E-05; 0,516932)
(-2,624701; 0,0001000166; 0,5215471)
(-2,605264; 9,989738E-05; 0,5262592)
(-2,58585; 0,0001000166; 0,5310667)
(-2,56646; 9,989738E-05; 0,535968)
(-2,547094; 0,0001000166; 0,5409617)
(-2,527751; 9,989738E-05; 0,5460463)
(-2,508432; 0,0001000166; 0,5512202)
(-2,489136; 9,989738E-05; 0,556482)
(-2,469865; 0,0001000166; 0,5618303)
(-2,450617; 9,989738E-05; 0,5672637)
(-2,431393; 0,0001000166; 0,5727808)
(-2,412193; 9,989738E-05; 0,5783802)
(-2,393016; 0,0001000166; 0,5840605)
(-2,373863; 9,989738E-05; 0,5898205)
(-2,354735; 0,0001000166; 0,5956588)
(-2,335629; 9,989738E-05; 0,6015741)
(-2,316548; 0,0001000166; 0,6075652)
(-2,29749; 9,989738E-05; 0,6136308)
(-2,278455; 0,0001000166; 0,6197696)
(-2,259444; 9,989738E-05; 0,6259804)
(-2,240456; 0,0001000166; 0,6322621)
(-2,221491; 9,989738E-05; 0,6386134)
(-2,20255; 0,0001000166; 0,6450332)
(-2,183587; 9,989738E-05; 0,6513914)
(-2,164605; 0,0001000166; 0,6576895)
(-2,145603; 9,989738E-05; 0,6639289)
(-2,126582; 0,0001000166; 0,6701109)
(-2,107544; 9,989738E-05; 0,676237)
(-2,088488; 0,0001000166; 0,6823086)
(-2,069415; 9,989738E-05; 0,6883269)
(-2,050325; 0,0001000166; 0,6942932)
(-2,03122; 9,989738E-05; 0,7002088)
(-2,0121; 0,0001000166; 0,706075)
(-1,992965; 9,989738E-05; 0,7118928)
(-1,973815; 0,0001000166; 0,7176636)
(-1,954652; 9,989738E-05; 0,7233886)
(-1,935476; 0,0001000166; 0,7290686)
(-1,916286; 9,989738E-05; 0,734705)
(-1,897085; 0,0001000166; 0,7402988)
(-1,877871; 9,989738E-05; 0,7458511)
(-1,858645; 0,0001000166; 0,7513628)
(-1,839408; 9,989738E-05; 0,756835)
(-1,820161; 0,0001000166; 0,7622687)
(-1,800902; 9,989738E-05; 0,7676648)
(-1,781634; 0,0001000166; 0,7730244)
(-1,762355; 9,989738E-05; 0,7783482)
(-1,743068; 0,0001000166; 0,7836372)
(-1,72377; 9,989738E-05; 0,7888924)
(-1,704464; 0,0001000166; 0,7941145)
(-1,685149; 9,989738E-05; 0,7993043)
(-1,665826; 0,0001000166; 0,8044627)
(-1,646494; 9,989738E-05; 0,8095906)
(-1,627155; 0,0001000166; 0,8146886)
(-1,607808; 9,989738E-05; 0,8197575)
(-1,588454; 0,0001000166; 0,8247982)
(-1,569092; 9,989738E-05; 0,8298112)
(-1,549724; 0,0001000166; 0,8347974)
(-1,530348; 9,989738E-05; 0,8397574)
(-1,510967; 0,0001000166; 0,8446919)
(-1,491579; 9,989738E-05; 0,8496014)
(-1,472185; 0,0001000166; 0,8544869)
(-1,452785; 9,989738E-05; 0,8593487)
(-1,433379; 0,0001000166; 0,8641876)
(-1,413967; 9,989738E-05; 0,8690041)
(-1,394551; 0,0001000166; 0,8737987)
(-1,375129; 9,989738E-05; 0,8785722)
(-1,355701; 0,0001000166; 0,883325)
(-1,336269; 9,989738E-05; 0,8880577)
(-1,316833; 0,0001000166; 0,8927708)
(-1,297391; 9,989738E-05; 0,8974649)
(-1,277946; 0,0001000166; 0,9021403)
(-1,258495; 9,989738E-05; 0,9067976)
(-1,239041; 0,0001000166; 0,9114373)
(-1,219583; 9,989738E-05; 0,9160599)
(-1,200092; 0,0001000166; 0,9205455)
(-1,180571; 9,989738E-05; 0,9248968)
(-1,161021; 0,0001000166; 0,9291163)
(-1,141444; 9,989738E-05; 0,9332066)
(-1,121841; 9,989738E-05; 0,9371703)
(-1,102213; 0,0001000166; 0,9410098)
(-1,082561; 9,989738E-05; 0,9447275)
(-1,062888; 0,0001000166; 0,9483259)
(-1,043193; 9,989738E-05; 0,9518073)
(-1,023479; 0,0001000166; 0,955174)
(-1,003745; 9,989738E-05; 0,9584283)
(-0,9839937; 0,0001000166; 0,9615725)
(-0,9642255; 9,989738E-05; 0,9646087)
(-0,9444413; 0,0001000166; 0,9675391)
(-0,9246421; 9,989738E-05; 0,9703658)
(-0,9048286; 0,0001000166; 0,9730909)
(-0,8850017; 9,989738E-05; 0,9757165)
(-0,8651621; 0,0001000166; 0,9782446)
(-0,8453106; 9,989738E-05; 0,9806771)
(-0,8254479; 0,0001000166; 0,983016)
(-0,8055745; 9,989738E-05; 0,9852632)
(-0,7856912; 0,0001000166; 0,9874206)
(-0,7657986; 9,989738E-05; 0,9894899)
(-0,7458971; 0,0001000166; 0,991473)
(-0,7259874; 9,989738E-05; 0,9933715)
(-0,70607; 0,0001000166; 0,9951875)
(-0,6861454; 9,989738E-05; 0,9969223)
(-0,666214; 0,0001000166; 0,9985777)
(-0,6462764; 9,989738E-05; 1,000155)
(-0,6263328; 0,0001000166; 1,001657)
(-0,6063837; 9,989738E-05; 1,003084)
(-0,5864297; 0,0001000166; 1,004437)
(-0,5664708; 0,0001000166; 1,00572)
(-0,5465075; 9,989738E-05; 1,006932)
(-0,5265403; 0,0001000166; 1,008075)
(-0,5065692; 0,0001000166; 1,009151)
(-0,4865948; 9,989738E-05; 1,010162)
(-0,4666171; 0,0001000166; 1,011108)
(-0,4466366; 0,0001000166; 1,01199)
(-0,4266535; 9,989738E-05; 1,012811)
(-0,4066679; 0,0001000166; 1,013571)
(-0,3866802; 0,0001000166; 1,014272)
(-0,3666905; 9,989738E-05; 1,014914)
(-0,3466991; 0,0001000166; 1,0155)
(-0,3267061; 0,0001000166; 1,01603)
(-0,3067118; 9,989738E-05; 1,016505)
(-0,2867162; 0,0001000166; 1,016927)
(-0,2667196; 0,0001000166; 1,017296)
(-0,2467221; 9,989738E-05; 1,017614)
(-0,2267239; 0,0001000166; 1,017881)
(-0,2067273; 0,0001000166; 1,018245)
(-0,1867325; 9,989738E-05; 1,018702)
(-0,16674; 0,0001000166; 1,019252)
(-0,1467503; 0,0001000166; 1,019892)
(-0,1267636; 9,989738E-05; 1,020621)
(-0,1067802; 0,0001000166; 1,021436)
(-0,08680047; 0,0001000166; 1,022337)
(-0,06682468; 9,989738E-05; 1,023321)
(-0,04685308; 0,0001000166; 1,024386)
(-0,02688591; 0,0001000166; 1,025532)
(-0,006923383; 9,989738E-05; 1,026755)
(0,01303429; 9,989738E-05; 1,028056)
(0,03298691; 9,989738E-05; 1,029432)
(0,05293432; 9,989738E-05; 1,030881)
(0,07287635; 9,989738E-05; 1,032403)
(0,09281287; 9,989738E-05; 1,033995)
(0,1127437; 9,989738E-05; 1,035656)
(0,1326688; 9,989738E-05; 1,037386)
(0,152588; 9,989738E-05; 1,039182)
(0,1725013; 9,989738E-05; 1,041043)
(0,1924085; 9,989738E-05; 1,042967)
(0,2123095; 9,989738E-05; 1,044954)
(0,2322044; 9,989738E-05; 1,047002)
(0,252093; 9,989738E-05; 1,04911)
(0,2719753; 9,989738E-05; 1,051276)
(0,2918513; 9,989738E-05; 1,0535)
(0,311721; 9,989738E-05; 1,05578)
(0,3315842; 9,989738E-05; 1,058115)
(0,3514411; 9,989738E-05; 1,060503)
(0,3712915; 9,989738E-05; 1,062944)
(0,3911356; 9,989738E-05; 1,065437)
